‡∏≠‡πâ‡∏≤‡∏ß ‡∏≠‡∏¢‡∏≤‡∏Å‡∏°‡∏µ‡πÄ‡∏£‡∏∑‡πà‡∏≠‡∏á‡∏´‡∏£‡∏≠‡∏ß‡∏∞ ‡πÑ‡∏≠‡πâ‡∏´‡∏±‡∏ß‡πÄ‡∏Å‡∏£‡∏µ‡∏¢‡∏ô!	neg
‡∏Ç‡∏≠‡πÇ‡∏ó‡∏©‡∏ó‡∏µ‡πà‡∏£‡∏ö‡∏Å‡∏ß‡∏ô‡∏Ñ‡∏∞	pos
‡∏£‡∏±‡∏Å‡πÄ‡∏ò‡∏≠‡∏ô‡∏∞ ‡∏Ñ‡∏ô‡∏î‡∏µ	pos
‡πÄ‡∏´‡∏µ‡πâ‡∏¢ ‡∏™‡∏±‡∏ï‡∏ß‡πå‡∏°‡∏∂‡∏á‡∏≠‡∏¢‡πà‡∏≤‡πÄ‡∏™‡∏∑‡∏≠‡∏Å‡∏î‡∏¥	neg
‡πÑ‡∏≠‡πâ‡∏Ñ‡∏ô‡∏ó‡∏£‡∏¢‡∏® ‡πÅ‡∏Å‡∏≠‡∏¢‡πà‡∏≤‡∏´‡∏ß‡∏±‡∏á‡∏ß‡πà‡∏≤‡∏à‡∏∞‡∏ï‡∏≤‡∏¢‡∏î‡∏µ	neg
‡∏î‡∏µ‡πÉ‡∏à‡∏î‡πâ‡∏ß‡∏¢‡∏ô‡∏∞ ‡∏Ñ‡∏∏‡∏ì‡∏´‡∏ç‡∏¥‡∏á‡∏Å‡∏§‡∏ï‡∏¢‡∏≤	pos
‡πÄ‡∏ò‡∏≠‡πÄ‡∏õ‡πá‡∏ô‡∏Ñ‡∏ß‡∏≤‡∏°‡∏†‡∏π‡∏°‡∏¥‡πÉ‡∏à‡∏ó‡∏µ‡πà‡∏™‡∏∏‡∏î‡∏Ç‡∏≠‡∏á‡∏â‡∏±‡∏ô	pos
‡∏ó‡∏õ‡∏≠. ‡∏ß‡πà‡∏≤‡πÅ‡∏ï‡πà‡πÄ‡∏Ç‡∏≤‡∏≠‡∏¥‡πÄ‡∏´‡∏ô‡∏≤‡πÄ‡∏õ‡πá‡∏ô‡πÄ‡∏≠‡∏á ‡∏Ç‡∏µ‡πâ‡∏Ñ‡∏∏‡∏¢‡∏ä‡∏°‡∏±‡∏î	neg
‡∏ï‡∏¥‡∏î‡∏°‡∏´‡∏¥‡∏î‡∏• ‡∏£‡∏≠‡∏ö‡∏û‡∏≠‡∏£‡πå‡∏ï‡πÅ‡∏•‡πâ‡∏ß ‡πÄ‡∏¢‡πâ‡πÜ‡πÜ	pos
‡∏°‡∏∑‡∏≠‡∏ñ‡∏∑‡∏≠‡∏Ñ‡πâ‡∏≤‡∏á‡∏≠‡πà‡∏∞ ‡πÄ‡∏ã‡πá‡∏á‡∏à‡∏±‡∏á	neg
‡πÄ‡∏≠‡∏≤‡∏´‡∏°‡∏π‡∏Ñ‡∏∏‡πÇ‡∏£‡∏ö‡∏∏‡∏ï‡∏∞‡∏°‡∏≤‡∏ó‡∏≥‡∏™‡πÄ‡∏ï‡πä‡∏Å‡∏ô‡∏µ‡πà ‡∏Å‡∏¥‡∏ô‡πÅ‡∏•‡πâ‡∏ß‡∏ü‡∏¥‡∏ô‡∏Ç‡∏±‡πâ‡∏ô‡πÄ‡∏ó‡∏û‡∏û‡∏û‡∏û	pos
‡πÄ‡∏Å‡∏£‡∏ã‡πÑ‡∏°‡πà‡πÄ‡∏Ñ‡∏¢‡πÄ‡∏õ‡∏¥‡∏î‡πÉ‡∏à‡πÉ‡∏´‡πâ‡πÄ‡∏£‡∏≤ ‡πÑ‡∏°‡πà‡∏£‡∏π‡πâ‡πÄ‡∏Ñ‡πâ‡∏≤‡∏°‡∏µ‡∏≠‡∏Ñ‡∏ï‡∏¥‡πÑ‡∏£‡∏ô‡∏±‡∏Å‡∏´‡∏ô‡∏≤	neg
‡∏™‡∏≠‡∏ö‡πÄ‡∏Å‡∏∑‡∏≠‡∏ö‡∏ú‡πà‡∏≤‡∏ô ‡∏ï‡∏Å‡πÑ‡∏õ‡πÅ‡∏Ñ‡πà 0.5 ‡∏Ñ‡∏∞‡πÅ‡∏ô‡∏ô‡πÄ‡∏≠‡∏á ‡∏ñ‡∏ñ‡∏ñ‡∏ñ	neg
‡∏ó‡∏±‡∏Å‡∏Ñ‡∏±‡∏ö üòÉ	pos
‡∏¢‡∏¥‡∏ô‡∏î‡∏µ‡∏î‡πâ‡∏ß‡∏¢‡πÅ‡∏ô‡∏ô‡πÑ‡∏î‡πâ‡∏ú‡∏π‡πâ‡πÅ‡∏ó‡∏ô‡πÄ‡∏•‡∏Ç‡∏•‡∏∞ ‡∏°‡∏≤‡∏™‡∏≠‡∏ô‡∏Ç‡πâ‡∏≤‡∏ô‡πâ‡∏≠‡∏¢‡∏î‡πâ‡∏ß‡∏¢‡∏î‡πà‡∏ß‡∏ô‡πÜ5555	pos
‡∏ô‡πà‡∏≤‡πÄ‡∏™‡∏µ‡∏¢‡∏î‡∏≤‡∏¢‡∏≠‡πà‡∏∞‡∏ô‡πâ‡∏≠‡∏á‡πÅ‡∏Å‡∏û‡∏•‡∏≤‡∏î‡∏õ‡∏£‡∏∞‡∏ò‡∏≤‡∏ô‡∏ï‡∏∂‡∏Å‡πÑ‡∏õ‡πÅ‡∏Ñ‡πà 16 ‡πÅ‡∏ï‡πâ‡∏° üò≠	neg
‡∏ô‡πà‡∏≤‡∏£‡∏±‡∏Å‡∏°‡∏≤‡∏Å‡∏°‡∏≤‡∏¢‡∏î‡πå ‡∏ï‡∏≤‡∏¢‡∏≠‡∏¢‡πà‡∏≤‡∏á‡∏™‡∏á‡∏ö‡∏®‡∏û‡∏™‡∏µ‡∏ä‡∏°‡∏û‡∏π‚ù§Ô∏è	pos
‡∏´‡∏•‡∏≤‡∏¢‡∏Ñ‡∏£‡∏±‡πâ‡∏á ‡∏Ñ‡∏ß‡∏≤‡∏°‡∏£‡∏±‡∏Å‡∏Å‡πá‡∏ó‡∏≥‡πÉ‡∏´‡πâ‡πÄ‡∏£‡∏≤‡∏ï‡∏≤‡∏ö‡∏≠‡∏î‡∏ô‡∏∞ ‡πÄ‡∏≠‡∏¥‡∏£‡πå‡∏ô	neg
‡πÄ‡∏´‡∏°‡πá‡∏ô ‡∏´‡∏¢‡∏∏‡∏î‡πÉ‡∏ä‡πâ‡∏ô‡πâ‡∏≥‡∏´‡∏≠‡∏°‡∏¢‡∏µ‡πà‡∏´‡πâ‡∏≠‡∏ô‡∏µ‡πâ‡πÑ‡∏î‡πâ‡∏°‡∏∞ ‡πÄ‡∏£‡∏≤‡∏£‡∏π‡πâ‡∏™‡∏∂‡∏Å‡πÄ‡∏´‡∏°‡πá‡∏ô‡∏â‡∏∏‡∏ô‡πÜ ‡∏°‡∏≤‡∏Å‡∏Å‡∏ß‡πà‡∏≤‡∏´‡∏≠‡∏°‡∏≠‡πà‡∏≤._.	neg
‡∏û‡∏£‡∏∞‡∏Ñ‡∏∏‡∏ì‡∏ó‡∏µ‡πà‡∏™‡∏≤‡∏°‡∏á‡∏î‡∏á‡∏≤‡∏°‡πÅ‡∏à‡πà‡∏°‡πÉ‡∏™	pos
‡∏Ç‡∏≠‡∏á‡πÄ‡∏Å‡πà‡∏≤‡∏à‡∏ô‡πÄ‡∏Å‡∏∑‡∏≠‡∏ö‡∏à‡∏∞‡πÉ‡∏ä‡πâ‡πÑ‡∏°‡πà‡πÑ‡∏î‡πâ ‡πÄ‡∏´‡∏°‡∏∑‡∏≠‡∏ô‡∏≠‡∏≤‡∏¢‡∏∏‡πÄ‡∏à‡πâ‡∏≤‡∏Ç‡∏≠‡∏á‡∏ó‡∏µ‡πà‡πÉ‡∏Å‡∏•‡πâ‡∏•‡∏á‡πÇ‡∏•‡∏á	neg
‡∏™‡∏ö‡∏≤‡∏¢‡∏î‡∏µ‡∏à‡πâ‡∏≤~	pos
5555555555 ‡∏Ç‡∏≥‡∏à‡∏±‡∏á‡πÄ‡∏•‡∏¢ ‡∏ï‡∏•‡∏Å‡∏î‡∏µ ‡∏ä‡∏≠‡∏ö	pos
‡πÄ‡∏£‡∏≤‡πÑ‡∏°‡πà‡∏ä‡∏≠‡∏ö‡πÄ‡∏å‡∏≠‡∏õ‡∏£‡∏≤‡∏á ‡πÅ‡∏ö‡∏ö‡πÄ‡∏Å‡∏•‡∏µ‡∏¢‡∏î‡∏Ç‡∏µ‡πâ‡∏´‡∏ô‡πâ‡∏≤‡∏ô‡∏≤‡∏á	neg
‡πÅ‡∏•‡πâ‡∏ß‡∏à‡∏∞‡πÉ‡∏´‡πâ‡∏â‡∏±‡∏ô‡∏ó‡∏≥‡∏¢‡∏±‡∏á‡πÑ‡∏á ‡πÅ‡∏Å‡∏ó‡∏≥‡∏ï‡∏±‡∏ß‡πÅ‡∏¢‡πà‡∏ã‡∏∞‡∏Ç‡∏ô‡∏≤‡∏î‡∏ô‡∏µ‡πâ ‡πÑ‡∏≠‡πâ‡∏•‡∏π‡∏Å‡∏ó‡∏£‡∏û‡∏µ	neg
‡∏´‡∏¥‡∏ß‡∏Ç‡πâ‡∏≤‡∏ß ‡∏£‡∏π‡πâ‡∏á‡∏µ‡πâ‡∏Å‡∏¥‡∏ô‡∏Ç‡πâ‡∏≤‡∏ß‡πÄ‡∏ó‡∏µ‡πà‡∏¢‡∏á‡∏î‡∏µ‡∏Å‡∏ß‡πà‡∏≤ ‡πÄ‡∏£‡∏∑‡πà‡∏≠‡∏á‡∏à‡∏£‡∏¥‡∏á‡∏ô‡∏≤‡∏à‡∏≤	neg
‡∏™‡∏ß‡∏±‡∏™‡∏î‡∏µ‡∏Ñ‡∏£‡∏±‡∏ö ‡∏´‡∏°‡∏≤‡∏Ñ‡∏∏‡∏ì‡∏ô‡πà‡∏≤‡∏£‡∏±‡∏Å‡∏à‡∏±‡∏á‡πÄ‡∏•‡∏¢ ‡∏°‡∏±‡∏ô‡∏ä‡∏∑‡πà‡∏≠‡∏≠‡∏∞‡πÑ‡∏£‡∏´‡∏£‡∏≠‡∏Ñ‡∏±‡∏ö	pos
‡∏™‡∏∏‡∏î‡∏ó‡∏µ‡πà‡∏£‡∏±‡∏Å‡πÄ‡∏ò‡∏≠‡πÇ‡∏ó‡∏£‡∏°‡∏≤‡∏´‡∏≤ ‡∏ä‡πà‡∏ß‡∏¢‡∏£‡∏±‡∏ö‡∏™‡∏≤‡∏¢‡∏´‡∏ô‡πà‡∏≠‡∏¢‡∏™‡∏¥‡∏à‡πâ‡∏∞	pos
‡∏≠‡∏¢‡πà‡∏≤‡πÉ‡∏´‡πâ‡πÄ‡∏Ç‡∏≤‡∏ï‡πâ‡∏≠‡∏á‡∏£‡∏≠‡∏ô‡∏≤‡∏ô‡∏≠‡∏¢‡πà‡∏≤‡∏á‡∏ô‡∏µ‡πâ‡πÄ‡∏•‡∏¢ ‡∏ú‡∏¥‡∏î‡πÑ‡∏õ‡πÅ‡∏•‡πâ‡∏ß üôè	neg
‡∏£‡∏±‡∏Å‡πÄ‡∏ò‡∏≠‡∏°‡∏≤‡∏Å‡πÄ‡∏Å‡∏¥‡∏ô‡πÑ‡∏õ ‡∏à‡∏ô‡∏ï‡πâ‡∏≠‡∏á‡∏ó‡∏∏‡∏Å‡∏Ç‡πå‡πÉ‡∏à‡πÄ‡∏û‡∏£‡∏≤‡∏∞‡πÄ‡∏ò‡∏≠‡πÑ‡∏°‡πà‡πÅ‡∏Ñ‡∏£‡πå‡πÉ‡∏ô‡∏™‡∏≤‡∏¢‡∏ï‡∏≤	neg
‡∏Ç‡∏≠‡πÉ‡∏´‡πâ‡∏°‡∏µ‡∏Ñ‡∏ß‡∏≤‡∏°‡∏™‡∏∏‡∏Ç ‡∏™‡∏∏‡∏Ç‡∏™‡∏±‡∏ô‡∏ï‡πå‡∏ß‡∏±‡∏ô‡πÄ‡∏Å‡∏¥‡∏î‡∏ô‡∏∞ ‡∏Ñ‡∏∏‡∏ì‡∏¢‡πà‡∏≤ üëµ	pos
‡∏Å‡∏≤‡∏Å‡∏ß‡∏∞ ‡πÑ‡∏≠‡πâ‡πÄ‡∏°‡∏≤‡∏Å‡∏≤‡∏ß‡∏™‡∏≤‡∏¢‡∏ô‡∏π‡πâ‡∏õ ‡∏Å‡∏π‡πÑ‡∏°‡πà‡πÄ‡∏Ñ‡∏¢‡πÑ‡∏î‡πâ‡∏Ñ‡∏∞‡πÅ‡∏ô‡∏ô‡∏ô‡πâ‡∏≠‡∏¢‡∏Ç‡∏ô‡∏≤‡∏î‡∏°‡∏∂‡∏á	neg
‡∏Å‡πá‡πÅ‡∏Ñ‡πà‡∏û‡∏ß‡∏Å‡∏ä‡∏≠‡∏ö‡∏ô‡∏¥‡∏ô‡∏ó‡∏≤‡∏ä‡∏≤‡∏ß‡∏ö‡πâ‡∏≤‡∏ô	neg
‡∏¢‡πâ‡∏≤‡∏¢‡∏ó‡∏µ‡πà‡∏™‡∏±‡∏Å‡∏ó‡∏µ‡πÄ‡∏ñ‡∏≠‡∏∞ ‡∏´‡∏ô‡∏π‡πÄ‡∏ö‡∏∑‡πà‡∏≠‡∏¢‡∏±‡∏¢‡πÑ‡∏£‡πâ‡∏Ñ‡∏ß‡∏≤‡∏°‡∏£‡∏π‡πâ‡∏™‡∏∂‡∏Å‡∏Ñ‡∏ô‡∏ô‡∏µ‡πâ ‡∏à‡∏ô‡∏à‡∏∞‡∏ó‡∏ô‡∏ï‡πà‡∏≠‡πÑ‡∏õ‡πÑ‡∏°‡πà‡πÑ‡∏´‡∏ß‡πÅ‡∏•‡πâ‡∏ß	neg
‡∏™‡∏∏‡∏Ç‡∏Å‡∏±‡∏ô‡πÄ‡∏ñ‡∏≠‡∏∞‡πÄ‡∏£‡∏≤ ‡πÄ‡∏®‡∏£‡πâ‡∏≤‡πÑ‡∏õ‡πÑ‡∏°‡πà‡πÑ‡∏î‡πâ‡∏≠‡∏∞‡πÑ‡∏£ ‡∏¢‡∏¥‡πâ‡∏°‡πÄ‡∏¢‡∏≠‡∏∞‡πÜ‡πÄ‡∏î‡πâ‡∏≠‡∏≠	pos
‡∏ó‡∏∏‡∏Å‡∏≠‡∏¢‡πà‡∏≤‡∏á‡πÑ‡∏°‡πà‡πÄ‡∏ó‡∏µ‡πà‡∏¢‡∏á‡πÅ‡∏ó‡πâ ‡∏™‡∏±‡∏Å‡∏ß‡∏±‡∏ô‡πÄ‡∏ò‡∏≠‡∏Å‡πá‡∏ï‡πâ‡∏≠‡∏á‡πÅ‡∏Å‡πà‡πÅ‡∏•‡∏∞‡∏°‡∏µ‡∏ú‡∏°‡∏Ç‡∏≤‡∏ß‡∏Ç‡∏∂‡πâ‡∏ô‡πÄ‡∏´‡∏°‡∏∑‡∏≠‡∏ô‡∏•‡∏∏‡∏á ‡πÑ‡∏°‡∏ï‡∏£‡∏µ	neg
‡πÅ‡∏Å‡πÄ‡∏£‡∏≤‡πÑ‡∏î‡πâ‡πÄ‡∏Å‡∏£‡∏î‡∏™‡∏µ‡πà ‡πÄ‡∏Ñ‡∏°‡∏µ‡∏≠‡∏¥‡∏ô‡∏ó‡∏£‡∏µ‡∏¢‡πå‡πÄ‡∏ß‡πâ‡∏¢‡πÄ‡∏Æ‡πâ‡∏¢	pos
‡πÅ‡∏ß‡∏ß‡∏ô‡∏µ‡πà ‡∏Ñ‡∏ô‡∏Ç‡∏µ‡πâ‡∏≠‡∏ß‡∏î 2018 ‡∏™‡πà‡∏á‡πÄ‡∏Ç‡πâ‡∏≤‡∏õ‡∏£‡∏∞‡∏Å‡∏ß‡∏î	neg
‡πÅ‡∏ï‡πà‡∏Å‡πá‡πÅ‡∏ß‡∏ß‡∏°‡∏±‡∏ô‡∏°‡∏µ‡∏î‡∏µ‡πÉ‡∏´‡πâ‡∏≠‡∏ß‡∏î‡∏≠‡πà‡∏∞ ‡∏´‡∏£‡∏∑‡∏≠‡∏ß‡πà‡∏≤‡∏°‡∏±‡∏ô‡πÑ‡∏°‡πà‡∏à‡∏£‡∏¥‡∏á	pos
‡πÄ‡∏≠‡∏°‡∏µ‡πà‡πÄ‡∏î‡∏¥‡∏ô‡∏≠‡∏≠‡∏Å‡∏à‡∏≤‡∏Å‡∏ß‡∏á‡∏™‡∏ô‡∏ó‡∏ô‡∏≤‡πÄ‡∏á‡∏µ‡∏¢‡∏ö‡πÜ ‡∏£‡∏±‡∏á‡πÄ‡∏Å‡∏µ‡∏¢‡∏à‡∏û‡∏ß‡∏Å‡∏ä‡∏≠‡∏ö‡∏î‡∏£‡∏≤‡∏°‡πà‡∏≤‡πÄ‡∏Å‡∏¥‡∏ô‡πÄ‡∏´‡∏ï‡∏∏	neg
‡∏Ñ‡∏£‡∏π‡∏£‡∏∏‡πà‡∏á‡∏ó‡∏¥‡∏ß‡∏≤ ‡∏ß‡∏≤‡∏î‡∏£‡∏π‡∏õ‡πÄ‡∏°‡∏°‡πÄ‡∏ö‡∏£‡∏ô‡∏Ç‡∏≠‡∏á‡πÄ‡∏ã‡∏•‡∏•‡πå‡πÄ‡∏°‡πá‡∏î‡πÄ‡∏•‡∏∑‡∏≠‡∏î‡πÑ‡∏î‡πâ‡∏´‡πà‡∏ß‡∏¢‡πÅ‡∏ï‡∏Å ‡∏°‡∏≤‡∏Å ‡∏°‡∏ß‡πä‡∏≤‡∏Å‡πÅ‡∏Å	neg
‡∏Å‡∏ä‡∏û‡∏£‡πÄ‡∏õ‡πá‡∏ô‡∏ô‡∏±‡∏Å‡πÄ‡∏£‡∏µ‡∏¢‡∏ô‡∏ó‡∏µ‡πà‡∏î‡∏µ ‡πÑ‡∏°‡πà‡πÄ‡∏Ñ‡∏¢‡∏°‡∏≤‡πÇ‡∏£‡∏á‡πÄ‡∏£‡∏µ‡∏¢‡∏ô‡πÄ‡∏•‡∏ó‡∏ï‡∏±‡πâ‡∏á‡πÅ‡∏ï‡πà‡πÄ‡∏õ‡∏¥‡∏î‡πÄ‡∏ó‡∏≠‡∏°‡∏°‡∏≤	pos
‡πÄ‡∏ö‡∏∑‡πà‡∏≠‡∏û‡∏ß‡∏Å‡∏ä‡∏≠‡∏ö‡∏≠‡∏ß‡∏î‡πÅ‡∏ü‡∏ô‡πÉ‡∏´‡πâ‡∏Å‡∏±‡∏ö‡∏Ñ‡∏ô‡∏ó‡∏µ‡πà‡πÄ‡∏û‡∏¥‡πà‡∏á‡∏≠‡∏Å‡∏´‡∏±‡∏Å‡∏´‡∏°‡∏≤‡∏î‡πÜ ‡πÅ‡∏ö‡∏ö‡∏Å‡∏π‡∏ß‡πà‡∏∞ ‡πÄ‡∏ï‡πâ	neg
‡∏™‡∏≤‡∏£‡∏™‡∏∑‡πà‡∏≠‡∏õ‡∏£‡∏∞‡∏™‡∏≤‡∏ó‡πÅ‡∏≠‡∏ã‡∏¥‡∏ï‡∏¥‡∏•‡πÇ‡∏Ñ‡∏•‡∏µ‡∏ô ‡∏ä‡πà‡∏ß‡∏¢‡∏Å‡∏£‡∏∞‡∏ï‡∏∏‡πâ‡∏ô‡πÉ‡∏´‡πâ‡∏Ñ‡∏ß‡∏≤‡∏°‡∏à‡∏≥‡∏î‡∏µ‡∏Ç‡∏∂‡πâ‡∏ô‡πÑ‡∏î‡πâ‡∏Ñ‡πà‡∏∞	pos
‡∏™‡∏≤‡∏£‡∏™‡∏∑‡πà‡∏≠‡∏õ‡∏£‡∏∞‡∏™‡∏≤‡∏ó‡πÄ‡∏≠‡∏ô‡∏î‡∏≠‡∏£‡πå‡∏ü‡∏¥‡∏ô‡∏à‡∏≤‡∏Å‡∏™‡∏°‡∏≠‡∏á ‡∏•‡∏î‡∏Ñ‡∏ß‡∏≤‡∏°‡∏£‡∏π‡πâ‡∏™‡∏∂‡∏Å‡πÄ‡∏à‡πá‡∏ö‡∏õ‡∏ß‡∏î‡∏•‡∏á‡πÑ‡∏î‡πâ	pos
‡∏´‡∏¢‡∏∏‡∏î‡πÄ‡∏ñ‡∏≠‡∏∞ ‡∏Ç‡∏≠‡∏•‡∏∞‡∏ô‡∏∞ ‡∏°‡∏±‡∏ô‡∏ô‡πà‡∏≤‡∏£‡∏≥‡∏Ñ‡∏≤‡∏ç	neg
‡∏ô‡πà‡∏≤‡∏™‡∏á‡∏™‡∏≤‡∏£‡∏•‡∏π‡∏Å‡∏ß‡∏±‡∏¢‡∏™‡∏µ‡πà‡∏Ç‡∏ß‡∏ö ‡∏û‡πà‡∏≠‡∏ñ‡∏π‡∏Å‡∏ß‡∏¥‡∏™‡∏≤‡∏°‡∏±‡∏ç ‡πÅ‡∏°‡πà‡∏ï‡πâ‡∏≠‡∏á‡∏ï‡∏¥‡∏î‡∏Ñ‡∏∏‡∏Å‡∏ï‡∏•‡∏≠‡∏î‡∏ä‡∏µ‡∏ß‡∏¥‡∏ï‡πÄ‡∏û‡∏£‡∏≤‡∏∞‡∏Ñ‡πâ‡∏≤‡∏¢‡∏≤	neg
‡∏Å‡∏£‡∏∞‡πÅ‡∏™‡∏õ‡∏£‡∏∞‡∏™‡∏≤‡∏ó‡∏à‡∏∂‡∏á‡∏™‡πà‡∏á‡πÑ‡∏õ‡∏™‡∏°‡∏≠‡∏á‡∏ô‡πâ‡∏≠‡∏¢‡∏•‡∏á ‡∏ó‡∏≥‡πÉ‡∏´‡πâ‡∏™‡∏á‡∏ö‡πÑ‡∏°‡πà‡∏ß‡∏¥‡∏ï‡∏Å‡∏Å‡∏±‡∏á‡∏ß‡∏•	pos
‡∏™‡∏≤‡∏ö‡∏≤‡∏ô‡πÄ‡∏´‡∏≠‡∏∞‡∏ß‡πà‡∏≤‡∏ó‡∏µ‡πà‡πÅ‡∏Å‡∏û‡∏π‡∏î‡∏ô‡∏∞ ‡πÅ‡∏Å‡πÑ‡∏°‡πà‡∏£‡∏π‡πâ‡∏Ñ‡∏ß‡∏≤‡∏°‡∏´‡∏°‡∏≤‡∏¢ ‡∏Å‡∏π‡πÑ‡∏°‡πà‡πÄ‡∏ä‡∏∑‡πà‡∏≠‡∏´‡∏£‡∏≠‡∏Å‡πÇ‡∏ß‡πâ‡∏¢	neg
‡∏Ç‡∏≠‡∏û‡∏£‡∏∞‡∏≠‡∏á‡∏Ñ‡πå‡∏ó‡∏£‡∏á‡∏û‡∏£‡∏∞‡πÄ‡∏à‡∏£‡∏¥‡∏ç‡∏¢‡∏¥‡πà‡∏á‡∏¢‡∏∑‡∏ô‡∏ô‡∏≤‡∏ô	pos
‡∏û‡∏£‡∏∞‡∏≠‡∏á‡∏Ñ‡πå‡∏ó‡∏£‡∏á‡πÄ‡∏õ‡∏µ‡πà‡∏¢‡∏°‡∏•‡πâ‡∏ô‡∏î‡πâ‡∏ß‡∏¢‡∏ó‡∏®‡∏û‡∏¥‡∏ò‡∏£‡∏≤‡∏ä‡∏ò‡∏£‡∏£‡∏°	pos
‡πÅ‡∏ï‡πä‡∏á‡∏Å‡∏¥‡πâ‡∏ß	pos
‡πÑ‡∏°‡πà‡πÄ‡∏õ‡πá‡∏ô‡πÑ‡∏£ ‡∏Ç‡∏≠‡∏ö‡∏Ñ‡∏∏‡∏ì‡∏ó‡∏µ‡πà‡∏ô‡∏∂‡∏Å‡∏ñ‡∏∂‡∏á‡πÄ‡∏£‡∏≤‡∏ô‡∏∞‡∏û‡∏¥‡∏°	pos
‡∏≠‡∏¢‡πà‡∏≤‡πÑ‡∏õ‡πÄ‡∏ä‡∏∑‡πà‡∏≠‡∏≠‡∏¥‡∏û‡∏•‡∏≠‡∏¢ ‡∏û‡∏•‡∏≠‡∏¢‡πÅ‡∏°‡πà‡∏á‡∏ä‡∏≠‡∏ö‡πÇ‡∏Å‡∏´‡∏Å	neg
‡∏≠‡∏¢‡∏≤‡∏Å‡πÉ‡∏´‡πâ‡∏î‡∏π‡∏ß‡∏¥‡∏î‡∏µ‡πÇ‡∏≠‡∏Å‡πá‡∏î‡∏π‡πÑ‡∏°‡πà‡πÑ‡∏î‡πâ	neg
‡∏Ñ‡∏£‡∏π‡∏•‡∏∑‡∏°‡∏™‡∏±‡πà‡∏á‡∏á‡∏≤‡∏ô‡∏ô‡πà‡∏∞‡∏ô‡∏±‡∏Å‡πÄ‡∏£‡∏µ‡∏¢‡∏ô	neg
‡∏Ñ‡∏¥‡∏î‡∏ï‡∏±‡∏ß‡∏≠‡∏¢‡πà‡∏≤‡∏á‡πÑ‡∏°‡πà‡∏≠‡∏≠‡∏Å‡πÅ‡∏•‡πâ‡∏ß ‡πÑ‡∏°‡πà‡∏ô‡∏∞‡∏°‡πà‡∏≤‡∏¢‡∏¢‡∏¢‡∏¢	neg
‡∏à‡∏∞‡πÅ‡∏õ‡∏ö‡∏´‡∏ô‡∏∂‡πà‡∏á‡∏≠‡∏µ‡∏Å‡∏Å‡∏µ‡πà‡∏Ñ‡∏£‡∏±‡πâ‡∏á ‡πÄ‡∏£‡∏≤‡∏ó‡∏ô‡πÑ‡∏°‡πà‡πÑ‡∏´‡∏ß‡πÅ‡∏•‡πâ‡∏ß‡∏à‡∏¥‡∏á‡πÜ	neg
‡∏î‡∏µ‡πÉ‡∏à‡∏î‡πâ‡∏ß‡∏¢‡∏Ñ‡∏£‡∏±‡∏ö ‡∏û‡∏µ‡πà‡πÅ‡∏ö‡∏°	pos
‡∏¢‡∏¥‡∏ô‡∏î‡∏µ ‡πÄ‡∏õ‡πá‡∏ô‡πÄ‡∏£‡∏∑‡πà‡∏≠‡∏á‡∏ó‡∏µ‡πà‡∏ô‡πà‡∏≤‡∏¢‡∏¥‡∏ô‡∏î‡∏µ‡∏°‡∏≤‡∏Å	pos
‡∏Ç‡∏µ‡πâ‡πÄ‡∏Å‡∏µ‡∏¢‡∏à‡∏ó‡∏≥‡∏á‡∏≤‡∏ô‡∏ä‡∏µ‡∏ß‡∏∞‡∏≠‡πà‡∏∞	neg
‡∏ô‡πà‡∏≤‡∏£‡∏±‡∏Å ‡∏ô‡πà‡∏≤‡∏Å‡∏≠‡∏î ‡∏´‡∏•‡∏≤‡∏ô‡πÉ‡∏Ñ‡∏£‡πÄ‡∏ô‡∏µ‡πà‡∏¢	pos
‡πÄ‡∏£‡∏≤‡∏Å‡πâ‡∏ä‡∏≠‡∏ö‡πÄ‡∏ó‡∏≠‡πÄ‡∏´‡∏°‡∏∑‡∏≠‡∏ô‡∏Å‡∏±‡∏ô‡∏à‡πâ‡∏≤‡∏≤‡∏≤ ‡∏ï‡∏Å‡∏•‡∏á‡∏Ñ‡∏£‡∏±‡∏ä	pos
‡∏ê‡∏¥‡∏ï‡∏≤‡πÅ‡∏°‡πà‡∏á‡πÄ‡∏¢‡πá‡∏ô‡∏ä‡∏≤‡∏ó‡∏µ‡πà‡∏™‡∏∏‡∏î‡πÉ‡∏ô‡∏™‡∏≤‡∏°‡πÇ‡∏•‡∏Å	neg
‡πÑ‡∏°‡πà ‡πÑ‡∏°‡πà‡∏õ‡∏è‡∏¥‡πÄ‡∏™‡∏ò ‡∏Ç‡∏≠‡∏ö‡∏Ñ‡∏∏‡∏ì‡∏™‡∏≥‡∏´‡∏£‡∏±‡∏ö‡∏ã‡∏π‡∏ä‡∏¥‡∏´‡∏ô‡πâ‡∏≤‡∏õ‡∏•‡∏≤‡πÑ‡∏´‡∏•‡∏ç‡∏µ‡πà‡∏õ‡∏∏‡πà‡∏ô‡∏á‡∏±‡∏ö	pos
‡∏£‡∏≠‡∏£‡∏ñ‡πÑ‡∏ü‡∏ü‡πâ‡∏≤‡∏ö‡∏µ‡∏ó‡∏µ‡πÄ‡∏≠‡∏™‡∏ô‡∏≤‡∏ô‡∏°‡∏≤‡∏Å‡πÜ‡∏ß‡∏±‡∏ô‡∏ô‡∏µ‡πâ	neg
‡πÄ‡∏ó‡∏≠‡∏°‡∏ô‡∏µ‡πâ‡πÄ‡∏£‡∏µ‡∏¢‡∏ô‡πÑ‡∏î‡πâ‡πÄ‡∏Å‡∏£‡∏î‡∏™‡∏µ‡πà‡∏ó‡∏∏‡∏Å‡∏ß‡∏¥‡∏ä‡∏≤	pos
‡∏û‡∏£‡∏≤‡∏ß‡∏ï‡∏≤‡∏≠‡∏±‡∏Å‡πÄ‡∏™‡∏ö ‡πÄ‡∏ô‡∏∑‡πà‡∏≠‡∏á‡∏à‡∏≤‡∏Å‡∏≠‡∏∏‡∏ö‡∏±‡∏ï‡∏¥‡πÄ‡∏´‡∏ï‡∏∏‡πÅ‡∏™‡∏á‡πÅ‡∏ü‡∏£‡∏ä‡πÄ‡∏Ç‡πâ‡∏≤‡∏ï‡∏≤‡∏≠‡∏¢‡πà‡∏≤‡∏á‡∏à‡∏±‡∏á	neg
‡πÅ‡∏Å‡πâ‡∏°‡πÄ‡∏õ‡πá‡∏ô‡∏Ñ‡∏ô‡∏î‡∏µ ‡∏°‡∏µ‡∏ô‡πâ‡∏≥‡πÉ‡∏à ‡∏ï‡∏±‡πâ‡∏á‡πÉ‡∏à‡πÄ‡∏£‡∏µ‡∏¢‡∏ô‡∏™‡∏°‡πà‡∏≥‡πÄ‡∏™‡∏°‡∏≠	pos
‡πÄ‡∏ò‡∏≠‡∏ä‡πà‡∏≤‡∏á‡∏ï‡∏¥‡πÅ‡∏•‡∏∞‡∏¢‡∏∏‡∏¢‡∏á ‡πÄ‡∏û‡∏∑‡πà‡∏≠‡πÉ‡∏´‡πâ‡∏Ñ‡∏ô‡∏≠‡∏∑‡πà‡∏ô‡πÅ‡∏ï‡∏Å‡∏Ñ‡∏≠‡∏Å‡∏±‡∏ô‡πÇ‡∏î‡∏¢‡πÅ‡∏ó‡πâ	neg
‡∏ó‡∏≥‡πÑ‡∏î‡πâ‡πÅ‡∏•‡πâ‡∏ß ‡∏î‡∏µ‡πÉ‡∏à‡∏°‡∏≤‡∏Å	pos
‡πÇ‡∏´ ‡∏™‡∏π‡∏á‡∏Ç‡∏∂‡πâ‡∏ô‡πÄ‡∏¢‡∏≠‡∏∞‡πÄ‡∏•‡∏¢‡∏ô‡∏∞ ‡∏ô‡πâ‡∏≠‡∏á‡πÄ‡∏ô‡∏°	pos
‡∏ô‡πâ‡∏≥‡∏´‡∏ô‡∏±‡∏Å‡∏•‡∏á‡∏™‡∏µ‡πà‡πÇ‡∏•‡πÅ‡∏•‡πâ‡∏ß‡∏≠‡πà‡∏≠ ‡∏Ñ‡∏≠‡∏ô‡πÄ‡∏Å‡∏£‡∏ó‡∏Ñ‡πà‡∏∞‡πÄ‡∏û‡∏∑‡πà‡∏≠‡∏ô	pos
‡∏≠‡∏£‡∏∏‡∏ì‡∏™‡∏ß‡∏±‡∏™‡∏î‡∏¥‡πå ‡∏´‡∏±‡∏ß‡∏´‡∏¥‡∏ô‡∏≠‡∏≤‡∏Å‡∏≤‡∏®‡∏î‡∏µ‡πÄ‡∏ô‡∏≠‡∏∞	pos
‡∏™‡∏ß‡∏¢‡∏à‡∏±‡∏á ‡∏û‡∏µ‡πà‡πÄ‡∏ö‡∏•	pos
‡πÅ‡∏°‡πà‡πÄ‡∏à‡πâ‡∏≤ ‡∏ô‡πâ‡∏≠‡∏á‡∏´‡∏°‡∏≤‡∏ó‡∏≥‡∏´‡πâ‡∏≠‡∏á‡πÄ‡∏•‡∏∞‡∏≠‡∏µ‡∏Å‡∏´‡∏£‡∏≠ ‡πÄ‡∏õ‡πá‡∏ô‡∏•‡∏°‡πÅ‡∏õ‡∏ö	neg
‡πÄ‡∏õ‡πá‡∏ô‡∏á‡∏≤‡∏ô‡∏ó‡∏µ‡πà‡∏î‡∏π‡∏î‡∏µ‡∏°‡∏≤‡∏Å ‡∏¢‡∏≠‡∏î‡πÄ‡∏¢‡∏µ‡πà‡∏¢‡∏°	pos
‡πÄ‡∏£‡∏≤‡∏Å‡πá‡∏≠‡∏¢‡∏≤‡∏Å‡∏à‡∏∞‡∏ó‡∏≥‡πÅ‡∏ö‡∏ö‡∏ó‡∏µ‡πà‡πÅ‡∏Å‡∏ö‡∏≠‡∏Å ‡πÅ‡∏ï‡πà‡∏ï‡∏≠‡∏ô‡∏ô‡∏±‡πâ‡∏ô‡πÄ‡∏£‡∏≤‡∏¢‡∏±‡∏á‡πÑ‡∏°‡πà‡∏Å‡∏•‡πâ‡∏≤‡∏û‡∏≠	neg
‡πÅ‡∏¢‡πà‡∏ß‡πà‡∏∞ ‡∏°‡∏∂‡∏á‡∏Ñ‡∏¥‡∏î‡∏ñ‡∏∂‡∏á‡∏à‡∏¥‡∏ï‡πÉ‡∏à‡πÅ‡∏ü‡∏ô‡∏°‡∏∂‡∏á‡∏î‡πâ‡∏ß‡∏¢‡∏™‡∏¥ ‡πÄ‡∏Ç‡∏≤‡∏à‡∏∞‡∏£‡∏±‡∏ö‡πÑ‡∏î‡πâ‡∏´‡∏£‡∏≤‡∏ß‡πà‡∏∞	neg
‡∏Ç‡∏≠‡∏ö‡∏Ñ‡∏∏‡∏ì‡πÅ‡∏ü‡∏ô‡∏Ñ‡∏•‡∏±‡∏ö‡∏ó‡∏∏‡∏Å‡∏Ñ‡∏ô ‡∏ó‡∏µ‡πà‡∏ó‡∏≥‡πÉ‡∏´‡πâ‡∏ú‡∏°‡πÑ‡∏î‡πâ‡∏£‡∏±‡∏ö‡∏£‡∏≤‡∏á‡∏ß‡∏±‡∏•‡∏ô‡∏µ‡πâ‡∏Ñ‡∏£‡∏±‡∏öÔÅä	pos
‡πÄ‡∏ü‡∏¥‡∏£‡πå‡∏ô‡∏õ‡πà‡∏ß‡∏¢‡πÄ‡∏õ‡πá‡∏ô‡πÇ‡∏£‡∏Ñ‡πÑ‡∏Ç‡πâ‡πÄ‡∏•‡∏∑‡∏≠‡∏î‡∏≠‡∏≠‡∏Å‡∏≠‡πà‡∏∞ ‡∏ï‡∏≠‡∏ô‡∏ô‡∏µ‡πâ‡∏ô‡∏≠‡∏ô‡∏≠‡∏¢‡∏π‡πà‡πÇ‡∏£‡∏á‡∏ö‡∏≤‡∏•‡∏õ‡∏¥‡∏¢‡∏∞‡πÄ‡∏ß‡∏ó	neg
‡πÄ‡∏°‡∏∑‡πà‡∏≠‡πÄ‡∏ä‡πâ‡∏≤‡∏ß‡∏±‡∏ô‡∏ô‡∏µ‡πâ‡πÑ‡∏õ‡∏£‡∏©‡∏ì‡∏µ‡∏¢‡πå‡∏£‡∏≤‡∏ä‡πÄ‡∏ó‡∏ß‡∏µ‡πÑ‡∏ü‡πÑ‡∏´‡∏°‡πâ ‡∏°‡∏µ‡∏ú‡∏π‡πâ‡∏ö‡∏≤‡∏î‡πÄ‡∏à‡πá‡∏ö‡∏™‡∏≤‡∏´‡∏±‡∏™ 2 ‡∏£‡∏≤‡∏¢	neg
‡∏û‡∏µ‡πà‡∏ô‡∏≤‡∏£‡∏µ‡∏ñ‡∏π‡∏Å‡∏´‡∏ß‡∏¢‡πÄ‡∏•‡∏Ç‡∏ó‡πâ‡∏≤‡∏¢‡∏™‡∏≤‡∏°‡∏ï‡∏±‡∏ß‡∏°‡∏≤ 2 ‡πÄ‡∏î‡∏∑‡∏≠‡∏ô‡∏ï‡∏¥‡∏î‡πÅ‡∏•‡πâ‡∏ß‡∏Æ‡∏∞ ‡πÅ‡∏°‡πà	pos
‡πÄ‡∏à‡πâ‡∏≤‡∏õ‡∏£‡∏∞‡∏Ñ‡∏∏‡∏ì‡∏â‡∏±‡∏ô‡πÑ‡∏°‡πà‡πÄ‡∏Ñ‡∏¢‡πÄ‡∏à‡∏≠‡πÉ‡∏Ñ‡∏£ ‡∏Ç‡∏¢‡∏±‡∏ô‡πÉ‡∏ô‡πÄ‡∏£‡∏∑‡πà‡∏≠‡∏á‡πÇ‡∏á‡πà‡πÄ‡∏á‡πà‡∏≤‡πÄ‡∏ï‡πà‡∏≤‡∏ï‡∏∏‡∏ô‡πÑ‡∏î‡πâ‡∏î‡∏µ‡πÄ‡∏ó‡πà‡∏≤‡πÄ‡∏ó‡∏≠‡πÄ‡∏•‡∏¢	neg
‡∏ä‡∏≠‡∏ö‡∏°‡∏≤‡∏Å‡∏Ñ‡∏£‡∏±‡∏ö ‡∏û‡∏µ‡πà‡∏õ‡πä‡∏≠‡∏ö‡∏ï‡∏≤‡πÅ‡∏´‡∏•‡∏° ‡∏ô‡πâ‡∏≥‡πÉ‡∏à‡∏á‡∏≤‡∏°‡∏à‡∏£‡∏¥‡∏á‡πÜ	pos
‡∏ô‡∏≤‡∏¨‡∏¥‡∏Å‡∏≤‡πÄ‡∏£‡∏∑‡∏≠‡∏ô‡∏î‡∏±‡∏á‡∏Å‡∏•‡πà‡∏≤‡∏ß ‡∏á‡∏î‡∏á‡∏≤‡∏°‡πÄ‡∏´‡∏•‡∏∑‡∏≠‡πÄ‡∏Å‡∏¥‡∏ô	pos
‡πÄ‡∏Ñ‡∏ô‡∏ó‡∏≥‡∏≠‡∏≤‡∏´‡∏≤‡∏£‡πÄ‡∏Å‡πà‡∏á‡∏ï‡∏±‡πâ‡∏á‡πÅ‡∏ï‡πà‡πÄ‡∏î‡πá‡∏Å‡πÄ‡∏ä‡∏µ‡∏¢‡∏ß‡πÅ‡∏´‡∏•‡∏∞	pos
‡πÇ‡∏≠‡πã‡∏°‡∏±‡∏ô‡∏Å‡πá‡∏≠‡πâ‡∏ß‡∏ô‡∏°‡∏≤‡∏ï‡∏±‡πâ‡∏á‡πÅ‡∏ï‡πà‡πÑ‡∏´‡∏ô‡πÅ‡∏ï‡πà‡πÑ‡∏£‡πÅ‡∏•‡πâ‡∏ß‡∏•‡∏∞ ‡∏´‡∏ô‡∏π‡πÄ‡∏≠‡πã‡∏¢	neg
‡πÅ‡∏•‡πâ‡∏ß‡πÑ‡∏≠‡πâ‡∏ß‡∏¥‡∏ô ‡∏°‡∏∂‡∏á‡∏à‡∏∞‡πÉ‡∏´‡πâ‡∏≠‡∏µ‡∏î‡∏≠‡∏Å‡∏â‡∏≤‡∏¢‡πÑ‡∏°‡πà‡∏ó‡∏≥‡πÄ‡∏´‡∏µ‡πâ‡∏¢‡πÑ‡∏£‡πÄ‡∏•‡∏¢ ‡πÑ‡∏°‡πà‡πÑ‡∏î‡πâ‡∏ô‡∏∞‡πÄ‡∏ß‡πâ‡∏¢	neg
‡∏ö‡πâ‡∏≤‡∏ô‡πÄ‡∏°‡∏∑‡∏≠‡∏á‡∏ô‡∏µ‡πâ‡πÄ‡∏õ‡πá‡∏ô‡∏ö‡πâ‡∏≤‡∏ô‡∏ó‡∏µ‡πà‡∏î‡∏µ ‡∏î‡∏±‡πà‡∏á‡∏™‡∏ß‡∏ô‡∏™‡∏ß‡∏£‡∏£‡∏Ñ‡πå‡∏™‡∏£‡∏≤‡∏ç‡πÉ‡∏à	pos