‡πÄ‡∏Å‡∏•‡∏µ‡∏¢‡∏î ‡∏ä‡∏≠‡∏ö‡∏´‡∏•‡∏≠‡∏Å‡πÉ‡∏´‡πâ‡∏™‡∏±‡πà‡∏á‡∏ã‡∏∑‡πâ‡∏≠ ‡∏ó‡∏µ‡πà‡πÑ‡∏´‡∏ô‡πÑ‡∏î‡πâ‡πÑ‡∏°‡πà‡∏°‡∏µ‡∏™‡∏¥‡πâ‡∏ô‡∏Ñ‡πâ‡∏≤	neg
‡∏™‡∏¥‡∏ô‡∏Ñ‡πâ‡∏≤‡∏î‡πâ‡∏≠‡∏¢‡∏Ñ‡∏∏‡∏ì‡∏†‡∏≤‡∏û	neg
‡∏™‡∏¥‡∏ô‡∏Ñ‡πâ‡∏≤‡∏´‡∏°‡∏î‡∏ó‡∏≥‡πÑ‡∏°‡πÑ‡∏°‡πà‡πÅ‡∏à‡πâ‡∏á‡∏Ç‡∏∂‡πâ‡∏ô‡∏ß‡πà‡∏≤‡∏´‡∏°‡∏î‡∏≠‡∏∞.‡∏Å‡∏î‡πÉ‡∏™‡πà‡∏ï‡∏∞‡∏Å‡∏£‡πâ‡∏≤‡πÑ‡∏õ‡πÄ‡∏ñ‡∏≠‡∏∞.‡πÄ‡∏ã‡πá‡∏á‡πÄ‡∏£‡∏¢	neg
‡∏≠‡∏¢‡πà‡∏≤‡∏ó‡∏≥‡πÅ‡∏ö‡∏ö‡∏ô‡∏µ‡πâ‡∏Å‡∏±‡∏ö‡πÉ‡∏Ñ‡∏£‡∏≠‡∏µ‡∏Å‡∏ô‡∏∞‡∏Ñ‡πà‡∏∞‡πÅ‡∏¢‡πà‡∏°‡∏≤‡∏Å‡∏Ñ‡πà‡∏∞	neg
‡∏Ñ‡∏∑‡∏≠‡πÄ‡πÄ‡∏ö‡∏ö‡∏ú‡∏¥‡∏î‡∏´‡∏ß‡∏±‡∏á‡∏°‡∏≤‡∏Å ‡πÄ‡πÄ‡∏¢‡πà‡∏ó‡∏µ‡πà‡∏™‡∏∏‡∏î‡πÑ‡∏î‡πâ‡∏Ç‡∏≠‡∏á‡∏°‡∏≤‡∏ù‡∏≤‡πÄ‡πÄ‡∏ï‡∏Å ‡πÄ‡πÄ‡∏ï‡∏Å‡∏ô‡∏¥‡∏î‡∏´‡∏ô‡πà‡∏≠‡∏¢‡πÑ‡∏°‡πà‡∏ß‡πà‡∏≤‡πÄ‡πÄ‡∏ï‡∏Å‡πÄ‡∏¢‡∏≠‡∏∞‡∏°‡∏≤‡∏Å ‡∏Ñ‡∏£‡∏±‡πâ‡∏á‡πÄ‡∏î‡∏µ‡∏¢‡∏ß‡∏û‡∏≠‡∏à‡∏ö‡πÄ‡πÄ‡∏¢‡∏Åüò¢	neg
‡∏™‡πà‡∏á‡∏ä‡πâ‡∏≤‡∏à‡∏±‡∏á ‡∏£‡∏≠‡∏ô‡∏≤‡∏ô‡∏°‡∏≤‡∏Å ‡∏¢‡∏Å‡πÄ‡∏•‡∏¥‡∏Å‡∏Å‡πâ‡∏≠‡πÑ‡∏°‡πà‡πÑ‡∏î‡πâ	neg
‡πÅ‡∏¢‡πà‡∏°‡∏≤‡∏Å‡∏Å‡∏Å‡∏Å‡∏Å‡∏Å‡∏Ñ‡πà‡∏∞ ‡πÄ‡∏≠‡∏≤‡∏Ç‡∏≠‡∏á‡∏û‡∏±‡∏á‡∏°‡∏≤‡πÉ‡∏´‡πâ‡∏â‡∏∏‡∏ô‡∏°‡∏≤‡∏î‡∏Ñ‡πà‡∏∞‡πÑ‡∏°‡πà‡∏û‡∏≠‡πÉ‡∏à‡πÄ‡∏õ‡πá‡∏ô‡∏≠‡∏¢‡πà‡∏≤‡∏á‡∏°‡∏≤‡∏Å‡∏Ñ‡πà‡∏∞. ‡∏™‡πà‡∏á‡∏Ç‡∏≠‡∏á ‡∏Å‡πá‡πÑ‡∏°‡πà‡πÑ‡∏î‡πâ‡πÉ‡∏ö‡πÄ‡∏™‡∏£‡πá‡∏à. ‡πÑ‡∏°‡πà‡πÑ‡∏´‡∏ß‡∏à‡∏∞‡πÄ‡∏Ñ‡∏•‡∏µ‡∏¢‡∏£‡πå	neg
‡πÑ‡∏°‡πà‡πÅ‡∏ô‡∏∞‡∏ô‡∏≥‡∏ã‡∏∑‡πâ‡∏≠‡∏°‡∏≤‡πÉ‡∏ä‡πâ‡πÑ‡∏î‡πâ‡∏ß‡∏±‡∏ô‡πÄ‡∏î‡∏µ‡∏¢‡∏ß‡πÉ‡∏ä‡πâ‡πÑ‡∏°‡πà‡πÑ‡∏î‡πâ‡πÅ‡∏•‡πâ‡∏ß	neg
‡πÅ‡∏¢‡πà‡πÜ‡∏™‡∏±‡πà‡∏á‡∏™‡∏¥‡∏ô‡∏Ñ‡πâ‡∏≤‡πÑ‡∏õ‡∏´‡∏•‡∏≤‡∏¢‡∏ß‡∏±‡∏ô‡πÅ‡∏•‡πâ‡∏ß‡πÑ‡∏°‡πà‡∏™‡πà‡∏á‡πÉ‡∏´‡πâ‡∏™‡∏±‡∏Å‡∏ó‡∏µ‡πÄ‡∏´‡∏ô‡∏∑‡πà‡∏≠‡∏¢‡∏Å‡∏±‡∏ö‡∏Å‡∏≤‡∏£‡∏£‡∏≠‡∏Ñ‡∏≠‡∏¢	neg
‡πÄ‡∏™‡∏µ‡∏¢‡∏Ñ‡∏ß‡∏≤‡∏°‡∏£‡∏π‡πâ‡∏™‡∏∂‡∏Å‡∏≠‡∏¢‡πà‡∏≤‡∏á‡∏°‡∏≤‡∏Å ‡∏™‡∏ß‡∏¢‡πÅ‡∏ï‡πà‡πÉ‡∏ô‡∏£‡∏π‡∏õ‡πÉ‡∏™‡πà‡πÑ‡∏î‡πâ‡∏Ñ‡∏£‡∏±‡πâ‡∏á‡πÄ‡∏î‡∏µ‡∏¢‡∏ß ‡πÑ‡∏°‡πà‡∏î‡∏µ	neg
‡∏¢‡∏≠‡∏î‡πÄ‡∏¢‡∏µ‡πà‡∏¢‡∏°‡∏Ñ‡πà‡∏∞ ‡∏£‡∏≤‡∏Ñ‡∏≤‡πÄ‡∏´‡∏°‡∏≤‡∏∞‡∏™‡∏° ‡∏ö‡∏≠‡∏Å‡∏ï‡πà‡∏≠‡πÑ‡∏î‡πâ‡πÄ‡∏•‡∏¢‡∏Ñ‡πà‡∏∞	pos
‡∏™‡∏ß‡∏¢‡∏Ñ‡πà‡∏∞ ‡πÄ‡∏´‡∏°‡∏∑‡∏≠‡∏ô‡πÉ‡∏ô‡∏£‡∏π‡∏õ‡πÄ‡∏•‡∏¢ ‡∏ä‡∏≠‡∏ö‡∏Ñ‡πà‡∏∞ ‡∏™‡πà‡∏á‡∏Ç‡∏≠‡∏á‡πÑ‡∏ß‡∏°‡∏≤‡∏Å‡∏Å	pos
‡πÉ‡∏ä‡πâ‡∏î‡∏µ‡∏Ñ‡πà‡∏∞‡∏´‡∏ô‡πâ‡∏≤‡∏ô‡∏∏‡πà‡∏°‡πÅ‡∏•‡∏∞‡∏Ç‡∏≤‡∏ß‡∏Ç‡∏∂‡πâ‡∏ô	pos
‡∏à‡∏±‡∏î‡∏™‡πà‡∏á‡πÄ‡∏£‡πá‡∏ß‡∏°‡∏≤‡∏Å ‡∏™‡∏∞‡∏î‡∏ß‡∏Å‡∏î‡∏µ ‡∏Ç‡∏≠‡∏á‡∏à‡∏£‡∏¥‡∏á‡∏Ç‡∏ô‡∏≤‡∏î‡πÉ‡∏´‡∏ç‡πà‡∏Å‡∏ß‡πà‡∏≤‡∏ó‡∏µ‡πà‡∏Ñ‡∏¥‡∏î‡πÑ‡∏ß‡πâ ‡πÅ‡∏ï‡πà‡πÉ‡∏ä‡πâ‡∏á‡∏≤‡∏ô‡πÑ‡∏î‡πâ‡∏î‡∏µ	pos
‡∏ä‡∏≠‡∏ö‡∏™‡∏¥‡∏ô‡∏Ñ‡πâ‡∏≤‡∏°‡∏≤‡∏Å ‡πÑ‡∏°‡πà‡∏ú‡∏¥‡∏î‡∏´‡∏ß‡∏±‡∏á‡∏ó‡∏µ‡πà‡∏£‡∏≠ ‡∏™‡∏ß‡∏¢‡∏¢‡∏±‡∏á‡∏ö‡∏£‡∏£‡∏à‡∏∏‡∏†‡∏±‡∏ì‡∏ë‡πå‡∏Ñ‡∏±‡∏ö	pos
‡∏™‡∏¥‡∏ô‡∏Ñ‡πâ‡∏≤‡∏™‡πà‡∏á‡∏£‡∏ß‡∏î‡πÄ‡∏£‡πá‡∏ß ‡∏û‡∏≠‡πÉ‡∏à‡πÉ‡∏ô‡∏™‡∏¥‡∏ô‡∏Ñ‡πâ‡∏≤‡∏Ñ‡∏£‡∏±‡∏ö	pos
‡∏™‡∏¥‡∏ô‡∏Ñ‡πâ‡∏≤‡∏Ñ‡∏∏‡∏ì‡∏†‡∏≤‡∏û‡∏î‡∏µ ‡πÅ‡∏Ç‡πá‡∏á‡πÅ‡∏£‡∏á ‡πÄ‡∏™‡∏µ‡∏¢‡∏á‡∏î‡∏µ ‡πÄ‡∏î‡πá‡∏Å‡πÜ ‡∏ä‡∏≠‡∏ö ‡πÅ‡∏•‡∏∞‡∏¢‡∏±‡∏á‡∏™‡πà‡∏á‡πÄ‡∏£‡πá‡∏ß‡∏î‡πâ‡∏ß‡∏¢‡∏Ñ‡πà‡∏∞	pos
‡∏£‡∏≤‡∏Ñ‡∏≤‡∏Å‡∏±‡∏ö‡∏Ñ‡∏∏‡∏ì‡∏†‡∏≤‡∏û‡∏Ç‡∏≠‡∏á‡∏™‡∏¥‡∏ô‡∏Ñ‡πâ‡∏≤‡∏°‡∏µ‡∏Ñ‡∏ß‡∏≤‡∏°‡πÄ‡∏´‡∏°‡∏≤‡∏∞‡∏™‡∏° ‡πÉ‡∏ä‡πâ‡∏á‡∏≤‡∏ô‡∏á‡πà‡∏≤‡∏¢	pos
‡∏™‡πà‡∏á‡∏Ç‡∏≠‡∏á‡πÑ‡∏ß ‡∏´‡πà‡∏≠‡∏û‡∏±‡∏™‡∏î‡∏∏‡∏î‡∏µ  ‡∏Ç‡∏≠‡∏á‡πÉ‡∏ä‡πâ‡∏á‡∏≤‡∏ô‡πÄ‡∏¢‡∏µ‡πà‡∏¢‡∏°	pos
‡∏™‡∏ß‡∏¢‡∏Ñ‡πà‡∏∞ ‡∏Å‡∏≤‡∏£‡∏à‡∏±‡∏î‡∏™‡πà‡∏á‡∏Å‡πá‡∏£‡∏ß‡∏î‡πÄ‡∏£‡πá‡∏ß‡∏î‡∏µ‡∏Ñ‡πà‡∏∞	pos
‡πÉ‡∏ä‡πâ‡πÄ‡∏î‡∏∑‡∏≠‡∏ô‡πÄ‡∏î‡∏µ‡∏¢‡∏ß‡∏û‡∏±‡∏á‡πÅ‡∏¢‡πà‡πÜ‡∏°‡∏≤‡∏Å‡πÜ	neg
‡πÄ‡∏™‡∏µ‡∏¢‡πÉ‡∏à‡∏Ñ‡∏ß‡∏≤‡∏°‡∏£‡∏π‡πâ‡∏™‡∏∂‡∏Å‡∏°‡∏≤‡∏Å‡∏Å‡∏£‡∏∞‡πÄ‡∏õ‡πã‡∏≤‡∏ö‡∏≤‡∏á‡∏°‡∏≤‡∏Å‡πÑ‡∏°‡πà‡∏ï‡∏£‡∏á‡∏Å‡∏∞‡πÅ‡∏ö‡∏ö‡∏™‡∏¥‡∏ô‡∏Ñ‡πâ‡∏≤‡∏ó‡∏µ‡πà‡∏•‡∏á‡∏Å‡∏≤‡∏£‡πÅ‡∏û‡πá‡∏Ñ‡∏Ç‡∏≠‡∏á‡∏™‡πà‡∏á‡∏Å‡πá‡πÅ‡∏¢‡πà‡πÄ‡∏≠‡∏≤‡∏ñ‡∏∏‡∏á‡∏î‡∏≥‡∏ó‡∏µ‡πà‡πÉ‡∏™‡πà‡∏Ç‡∏¢‡∏∞‡πÅ‡∏ñ‡∏°‡∏™‡∏Å‡∏õ‡∏£‡∏Å‡∏°‡∏≤‡∏Å‡∏ó‡∏≥‡πÑ‡∏°‡πÑ‡∏°‡πà‡∏ï‡∏£‡∏ß‡∏à‡∏™‡∏≠‡∏ö‡∏Å‡πà‡∏≠‡∏ô‡∏™‡πà‡∏á‡∏ñ‡∏∂‡∏á‡∏°‡∏∑‡∏≠‡∏•‡∏π‡∏Å‡∏Ñ‡πâ‡∏≤‡πÄ‡∏£‡∏≤‡πÑ‡∏õ‡∏ã‡∏∑‡πâ‡∏≠‡∏Ç‡∏≠‡∏á‡∏Ñ‡∏∏‡∏ì‡∏ô‡∏∞‡πÑ‡∏°‡πà‡πÑ‡∏î‡πâ‡πÑ‡∏õ‡∏Ç‡∏≠‡∏ü‡∏£‡∏µ‡πÜ‡∏õ‡∏£‡∏±‡∏ö‡∏õ‡∏£‡∏∏‡∏á‡∏î‡πà‡∏ß‡∏ô!!!! 	neg
‡∏Å‡∏≤‡∏£‡∏™‡πà‡∏á‡∏Ç‡∏≠‡∏á‡πÅ‡∏¢‡πà‡∏°‡∏≤‡∏Å ‡∏Ç‡∏ô‡∏≤‡∏î‡∏ï‡∏∞‡πÇ‡∏Å‡∏ô‡∏ß‡πà‡∏≤‡∏£‡∏≠‡πÄ‡∏î‡∏µ‡πã‡∏¢‡∏ß ‡∏¢‡∏±‡∏á‡πÇ‡∏¢‡∏ô‡∏™‡∏¥‡∏ô‡∏Ñ‡πâ‡∏≤‡∏Ç‡πâ‡∏≤‡∏°‡∏£‡∏±‡πâ‡∏ß ‡∏ñ‡πâ‡∏≤‡πÇ‡∏ô‡πâ‡∏ï‡∏ö‡∏∏‡∏Ñ‡πÄ‡∏™‡∏µ‡∏¢‡∏´‡∏≤‡∏¢‡∏à‡∏∞‡∏ó‡∏≥‡∏¢‡∏±‡∏á‡πÑ‡∏á	neg
‡πÉ‡∏ä‡πâ‡πÉ‡∏ô‡∏£‡∏ñ‡∏£‡∏∞‡∏ö‡∏ö‡πÄ‡∏™‡∏µ‡∏¢ ‡∏û‡∏±‡∏á‡πÉ‡∏ä‡πâ‡∏ï‡πà‡∏≠‡πÑ‡∏°‡πà‡πÑ‡∏î‡πâ	neg
‡∏ú‡∏¥‡∏î‡∏´‡∏ß‡∏±‡∏á ‡∏•‡∏ö‡πÑ‡∏°‡πà‡∏≠‡∏≠‡∏Å	neg
‡∏´‡∏°‡∏î‡∏≠‡∏≤‡∏¢‡∏∏‡πÅ‡∏•‡πâ‡∏ß‡πÑ‡∏°‡πà‡∏Ñ‡∏ß‡∏£‡πÄ‡∏≠‡∏≤‡∏°‡∏≤‡∏•‡∏á‡∏Ç‡∏≤‡∏¢‡∏Ñ‡πà‡∏∞‡πÄ‡∏™‡∏µ‡∏¢‡πÉ‡∏à‡∏ú‡∏¥‡∏î‡∏´‡∏ß‡∏±‡∏á‡∏°‡∏≤‡∏Å‡πÜ‡∏Ñ‡πà‡∏∞‡∏Å‡∏ß‡πà‡∏≤‡∏à‡∏∞‡∏´‡∏°‡∏î‡πÅ‡∏û‡∏á‡∏î‡πâ‡∏ß‡∏¢‡∏ô‡∏∞	neg
‡∏™‡πà‡∏á‡∏ä‡πâ‡∏≤‡∏°‡∏≤‡∏Å ‡∏ï‡∏≠‡∏ô‡∏ô‡∏µ‡πâ‡∏¢‡∏±‡∏á‡πÑ‡∏°‡πà‡πÑ‡∏î‡πâ‡∏Ç‡∏≠‡∏á	neg
‡πÑ‡∏î‡πâ‡∏£‡∏±‡∏ö‡∏Ç‡∏≠‡∏á‡πÅ‡∏•‡πâ‡∏ß‡∏ú‡∏¥‡∏î‡∏´‡∏ß‡∏±‡∏á‡∏°‡∏≤‡∏Å ‡πÑ‡∏°‡πà‡∏î‡∏µ‡πÄ‡∏•‡∏¢‡∏Ñ‡πà‡∏∞	neg
‡∏™‡∏¥‡∏ô‡∏Ñ‡πâ‡∏≤‡πÑ‡∏°‡πà‡∏°‡∏µ‡∏Ñ‡∏∏‡∏ì‡∏†‡∏≤‡∏û‡∏™‡∏≤‡∏¢‡∏Å‡∏≤‡∏á‡πÄ‡∏Å‡∏á‡πÑ‡∏°‡πà‡πÄ‡∏ó‡πà‡∏≤‡∏Å‡∏±‡∏ô	neg
‡∏ä‡πâ‡∏≤‡∏™‡∏∏‡∏î‡πÜ‡∏£‡∏≠‡∏à‡∏ô‡∏£‡∏≥‡∏Ñ‡∏≤‡∏ç‡∏•‡∏∞	neg
‡∏Ñ‡∏∏‡∏ì‡∏†‡∏≤‡∏û‡∏Ñ‡∏∏‡πâ‡∏°‡∏Ñ‡πà‡∏≤‡∏Ñ‡∏£‡∏±‡∏ö	pos
‡∏™‡πà‡∏á‡πÄ‡∏£‡πá‡∏ß‡∏î‡∏µ ‡πÉ‡∏ä‡πâ‡∏î‡∏µ‡∏Ñ‡∏∏‡πâ‡∏°‡∏°‡∏≤‡∏Å ‡∏£‡∏≤‡∏Ñ‡∏≤‡∏ñ‡∏π‡∏Å	pos
‡πÑ‡∏î‡πâ‡∏£‡∏±‡∏ö‡∏™‡∏¥‡∏ô‡∏Ñ‡πâ‡∏≤‡πÄ‡∏£‡πá‡∏ß‡∏Ñ‡πà‡∏∞ ‡πÅ‡∏•‡∏∞‡∏™‡∏¥‡∏ô‡∏Ñ‡πâ‡∏≤‡∏Å‡πá‡∏°‡∏µ‡∏Ñ‡∏∏‡∏ì‡∏†‡∏≤‡∏û ‡∏™‡∏ß‡∏°‡πÉ‡∏™‡πà‡∏™‡∏ö‡∏≤‡∏¢‡∏ï‡∏±‡∏ß‡∏°‡∏≤‡∏Å‡πÜ‡πÜ ‡πÄ‡∏•‡∏¢‡∏Ñ‡πà‡∏∞	pos
‡πÑ‡∏î‡πâ‡∏£‡∏±‡∏ö‡∏Ç‡∏≠‡∏á‡πÄ‡∏£‡πá‡∏ß‡∏°‡∏≤‡∏Å.. ‡πÅ‡∏ñ‡∏°‡∏™‡∏¥‡∏ô‡∏Ñ‡πâ‡∏≤‡πÑ‡∏î‡πâ‡∏ï‡∏≤‡∏°‡∏ï‡πâ‡∏≠‡∏á‡∏Å‡∏≤‡∏£‡∏™‡∏ß‡∏¢‡∏°‡∏≤‡∏Å	pos
‡∏£‡∏±‡∏ö‡∏õ‡∏£‡∏∞‡∏ó‡∏≤‡∏ô‡∏î‡∏µ‡∏≠‡∏¢‡∏π‡πà‡∏ô‡∏∞‡∏Ñ‡∏£‡∏±‡∏ö ‡∏°‡∏≠‡∏á‡πÄ‡∏´‡πá‡∏ô‡∏Ñ‡∏ß‡∏≤‡∏°‡πÄ‡∏õ‡∏•‡∏µ‡πà‡∏¢‡∏ô‡πÅ‡∏õ‡∏•‡∏á‡∏Ç‡∏≠‡∏á‡∏£‡πà‡∏≤‡∏á‡∏Å‡∏≤‡∏¢ ‡∏ó‡∏≤‡∏ô‡πÅ‡∏•‡πâ‡∏ß‡∏£‡∏π‡πâ‡∏™‡∏∂‡∏Å‡∏ß‡πà‡∏≤‡∏î‡∏µ‡∏ô‡∏∞	pos
‡πÉ‡∏ä‡πâ‡πÑ‡∏î‡πâ‡∏î‡∏µ‡πÄ‡∏´‡∏°‡∏≤‡∏∞‡∏Å‡∏±‡∏ö‡∏£‡∏≤‡∏Ñ‡∏≤‡∏ô‡∏µ‡πâ ‡∏Å‡πá‡∏™‡∏£‡∏∏‡∏õ‡∏ß‡πà‡∏≤‡∏î‡∏µ‡∏Ñ‡∏£‡∏±‡∏ö	pos
‡∏™‡∏¥‡∏ô‡∏Ñ‡πâ‡∏≤‡πÉ‡∏ä‡πâ‡πÅ‡∏•‡πâ‡∏ß‡∏î‡∏µ‡∏°‡∏≤‡∏Å‡πÑ‡∏°‡πà‡∏ó‡∏≥‡πÉ‡∏´‡πâ‡∏•‡∏π‡∏Å‡πÅ‡∏û‡πâ‡πÄ‡∏•‡∏¢‡πÅ‡∏ñ‡∏°‡∏£‡∏≤‡∏Ñ‡∏≤‡∏ñ‡∏π‡∏Å‡∏Å‡∏ß‡πà‡∏≤‡πÉ‡∏ô‡∏´‡πâ‡∏≤‡∏á‡πÅ‡∏•‡∏∞‡∏ï‡∏≤‡∏°‡∏£‡πâ‡∏≤‡∏ô‡∏Ñ‡πâ‡∏≤‡∏≠‡∏µ‡∏Å	pos
‡πÉ‡∏ä‡πâ‡∏á‡∏≤‡∏ô‡∏î‡∏µ‡∏°‡∏≤‡∏Å‡∏™‡πà‡∏á‡∏Ç‡∏≠‡∏á‡∏Å‡πá‡πÄ‡∏£‡πá‡∏ß‡∏Ç‡∏≠‡∏á‡∏Ñ‡∏£‡∏±‡∏ö	pos
‡∏™‡πà‡∏á‡πÑ‡∏ß‡∏°‡∏≤‡∏Å ‡∏™‡∏±‡πà‡∏á‡∏ï‡∏≠‡∏ô‡πÄ‡∏¢‡πá‡∏ô ‡∏ï‡∏≠‡∏ô‡πÄ‡∏ä‡πâ‡∏≤‡πÑ‡∏î‡πâ‡πÅ‡∏•‡πâ‡∏ß ‡∏™‡∏¥‡∏ô‡∏Ñ‡πâ‡∏≤‡πÅ‡∏û‡πá‡∏Ñ‡∏°‡∏≤‡∏î‡∏µ‡∏°‡∏≤‡∏Å ‡πÉ‡∏ä‡πâ‡∏á‡∏≤‡∏ô‡πÑ‡∏î‡πâ‡∏õ‡∏Å‡∏ï‡∏¥‡πÑ‡∏°‡πà‡∏°‡∏µ‡∏õ‡∏±‡∏ç‡∏´‡∏≤‡∏≠‡∏∞‡πÑ‡∏£ ‡∏ñ‡∏∑‡∏≠‡∏ß‡πà‡∏≤‡∏Ñ‡∏∏‡πâ‡∏°‡∏Ñ‡πà‡∏≤‡∏™‡∏∏‡∏î‡πÜ‡∏Ñ‡∏£‡∏±‡∏ö	pos
‡∏ß‡∏±‡∏™‡∏î‡∏∏‡∏Ñ‡πà‡∏≠‡∏ô‡∏Ç‡πâ‡∏≤‡∏á‡∏î‡∏µ‡∏ô‡∏±‡∏ö‡∏ß‡πà‡∏≤‡∏Ñ‡∏∏‡πâ‡∏°‡∏£‡∏≤‡∏Ñ‡∏≤‡∏Ñ‡∏£‡∏±‡∏ö	pos
‡∏™‡∏¥‡∏ô‡∏Ñ‡πâ‡∏≤‡πÑ‡∏°‡πà‡πÄ‡∏´‡∏°‡∏∑‡∏≠‡∏ô‡πÉ‡∏ô‡∏£‡∏π‡∏õ ‡∏ú‡∏¥‡∏î‡∏´‡∏ß‡∏±‡∏á‡∏°‡∏≤‡∏Å ‡πÄ‡∏¢‡πá‡∏ö‡πÑ‡∏°‡πà‡∏î‡∏µ‡πÄ‡∏•‡∏¢	neg
‡πÉ‡∏ä‡πâ‡πÅ‡∏•‡πâ‡∏ß‡∏™‡∏¥‡∏ß‡∏Ç‡∏∂‡πâ‡∏ô‡πÄ‡∏ï‡πá‡∏°‡πÄ‡∏•‡∏¢‡πÑ‡∏°‡πà‡∏£‡∏π‡πâ‡πÅ‡∏û‡πâ‡∏£‡∏∂‡πÄ‡∏õ‡∏•‡πà‡∏≤....‡πÄ‡∏ã‡πá‡∏á‡πÄ‡∏•‡∏¢‡πÄ‡∏´‡∏•‡∏∑‡∏≠‡∏ï‡∏±‡πâ‡∏á‡πÄ‡∏¢‡∏≠‡∏∞‡πÄ‡∏™‡∏µ‡∏¢‡∏î‡∏≤‡∏¢‡∏°‡∏≤‡∏Å	neg
‡∏Ñ‡∏∏‡∏ì‡∏†‡∏≤‡∏û‡πÅ‡∏¢‡πà‡∏°‡∏≤‡∏Å‡πÉ‡∏ä‡πâ‡∏á‡∏≤‡∏ô‡πÑ‡∏°‡πà‡πÑ‡∏î‡πâ‡πÅ‡∏°‡πâ‡πÅ‡∏ï‡πà‡∏Ñ‡∏£‡∏±‡πâ‡∏á‡πÄ‡∏î‡∏µ‡∏¢‡∏ß	neg
‡∏ú‡∏¥‡∏î‡∏´‡∏ß‡∏±‡∏á‡∏°‡∏≤‡∏Å ‡πÑ‡∏°‡πà‡πÅ‡∏ô‡∏∞‡∏ô‡∏≥‡πÉ‡∏´‡πâ‡πÉ‡∏ä‡πâ‡∏Ñ‡πà‡∏∞	neg
‡∏™‡∏£‡∏∏‡∏õ‡πÅ‡∏û‡∏á‡∏Å‡∏ß‡πà‡∏≤‡∏ó‡πâ‡∏≠‡∏á‡∏ï‡∏•‡∏≤‡∏î‡∏Ñ‡∏∞‡πÅ‡∏¢‡πà‡∏°‡∏≤‡∏Å‡πÄ‡∏™‡∏µ‡∏¢‡∏Ñ‡∏ß‡∏≤‡∏°	neg
‡∏£‡∏π‡πâ‡∏™‡∏∂‡∏Å‡∏ú‡∏¥‡∏î‡∏´‡∏ß‡∏±‡∏á‡∏°‡∏≤‡∏Å ‡πÑ‡∏°‡πà‡πÉ‡∏ä‡πà‡πÅ‡∏ö‡∏ö‡∏ó‡∏µ‡πà‡∏´‡∏ß‡∏±‡∏á‡πÑ‡∏ß‡πâ‡πÄ‡∏•‡∏¢‡∏¢	neg
‡πÅ‡∏¢‡πà‡∏°‡∏≤‡∏Å‡πÜ‡πÜ‡πÜ‡πÜ ‡πÑ‡∏°‡πà‡∏™‡πà‡∏á‡∏Ç‡∏≠‡∏á‡πÅ‡∏ñ‡∏°‡∏°‡∏≤‡πÉ‡∏´‡πâ‡∏ï‡∏≤‡∏°‡∏ó‡∏µ‡πà‡πÇ‡∏Ü‡∏©‡∏ì‡∏≤ 	neg
‡∏á‡∏≤‡∏ô‡πÑ‡∏°‡πà‡∏Ñ‡πà‡∏≠‡∏¢‡∏î‡∏µ ‡πÑ‡∏°‡πà‡∏™‡∏°‡∏Å‡∏±‡∏ö‡∏£‡∏≤‡∏Ñ‡∏≤	neg
‡πÅ‡∏¢‡πà‡∏°‡∏≤‡∏Å‡πÄ‡∏•‡∏¢ ‡∏ô‡∏°‡πÉ‡∏Å‡∏•‡πâ‡∏´‡∏°‡∏î‡∏≠‡∏≤‡∏¢‡∏∏ ‡∏Ñ‡∏£‡∏±‡πâ‡∏á‡∏ô‡∏µ‡πâ‡∏Ñ‡∏£‡∏±‡πâ‡∏á‡∏™‡∏∏‡∏î‡∏ó‡πâ‡∏≤‡∏¢‡∏ô‡∏∞‡∏Ñ‡∏∞‡∏ó‡∏µ‡πà‡∏à‡∏∞‡∏™‡∏±‡πà‡∏á	neg
‡πÉ‡∏ä‡πâ‡πÑ‡∏î‡πâ‡πÑ‡∏°‡πà‡∏Å‡∏µ‡πà‡πÄ‡∏î‡∏∑‡∏≠‡∏ô‡∏Å‡πá‡∏û‡∏±‡∏á‡∏•‡πà‡∏∞‡∏¢‡∏±‡∏á‡πÉ‡∏ä‡πâ‡πÑ‡∏°‡πà‡∏Ñ‡∏∏‡πâ‡∏°‡∏Å‡∏±‡∏ö‡∏£‡∏≤‡∏Ñ‡∏≤‡∏ó‡∏µ‡πà‡∏ã‡∏∑‡πâ‡∏≠‡∏°‡∏≤‡πÄ‡∏•‡∏¢	neg
‡πÉ‡∏™‡πà‡∏™‡∏ö‡∏≤‡∏¢‡∏™‡∏±‡πà‡∏á‡∏´‡∏•‡∏≤‡∏¢‡∏£‡∏≠‡∏ö‡πÅ‡∏•‡πâ‡∏ß‡∏à‡∏£‡πâ‡∏≤‡∏≤‡∏≤	pos
‡∏™‡πà‡∏á‡∏Ç‡∏≠‡∏á‡∏£‡∏ß‡∏î‡πÄ‡∏£‡πá‡∏ß‡∏î‡∏µ ‡∏Ñ‡∏∏‡∏ì‡∏†‡∏≤‡∏û‡πÉ‡∏ä‡πâ‡πÑ‡∏î‡πâ‡∏Ñ‡πà‡∏∞	pos
‡πÉ‡∏ä‡πâ‡∏á‡∏≤‡∏ô‡πÑ‡∏î‡πâ‡∏î‡∏µ‡∏£‡∏≤‡∏Ñ‡∏≤‡πÑ‡∏°‡πà‡πÅ‡∏û‡∏á‡∏°‡∏≤‡∏Å	pos
‡∏ä‡∏≠‡∏ö‡∏ó‡∏µ‡πà‡∏™‡πà‡∏á‡πÄ‡∏£‡πá‡∏ß‡∏°‡∏≤‡∏Å‡∏Ñ‡∏£‡∏±‡∏ö ‡∏ó‡∏±‡∏ô‡πÉ‡∏à‡∏î‡∏µ‡∏à‡∏¥‡∏á‡πÜ	pos
‡∏£‡∏±‡∏ö‡∏Ç‡∏≠‡∏á‡πÑ‡∏ß ‡∏û‡∏ô‡∏±‡∏Å‡∏á‡∏≤‡∏ô‡∏™‡πà‡∏á‡∏Ç‡∏≠‡∏á‡∏î‡∏µ‡∏°‡∏≤‡∏Å ‡∏Ñ‡∏∏‡∏ì‡∏†‡∏≤‡∏û‡∏Ñ‡∏∏‡πâ‡∏°‡∏£‡∏≤‡∏Ñ‡∏≤	pos
‡∏î‡∏µ‡∏Ñ‡∏£‡∏±‡∏ö ‡∏Ñ‡∏∏‡πâ‡∏°‡∏Ñ‡πà‡∏≤‡∏Ñ‡∏∏‡πâ‡∏°‡∏£‡∏≤‡∏Ñ‡∏≤ ‡∏ô‡πà‡∏≤‡∏à‡∏∞‡πÉ‡∏ä‡πâ‡∏á‡∏≤‡∏ô‡πÑ‡∏î‡πâ‡∏ó‡∏ô‡∏ó‡∏≤‡∏ô‡∏°‡∏∑‡∏≠‡πÉ‡∏´‡∏°‡πà‡∏ô‡πà‡∏≤‡πÄ‡∏≠‡∏≤‡∏°‡∏≤‡πÉ‡∏ä‡πâ‡∏Ñ‡∏£‡∏±‡∏ö	pos
‡∏Ñ‡∏∏‡∏ì‡∏†‡∏≤‡∏û‡∏û‡∏≠‡πÉ‡∏ä‡πâ‡πÑ‡∏î‡πâ  ‡∏î‡∏π‡∏ö‡∏≠‡∏ö‡∏ö‡∏≤‡∏á‡∏à‡∏±‡∏á ‡∏ï‡πâ‡∏≠‡∏á‡∏î‡∏π‡∏£‡∏∞‡∏¢‡∏∞‡∏Å‡∏≤‡∏£‡πÉ‡∏ä‡πâ‡∏á‡∏≤‡∏ô‡∏£‡∏∞‡∏¢‡∏∞‡∏¢‡∏≤‡∏ß‡∏Ñ‡πà‡∏∞‡∏£‡∏ß‡∏° ‡πÜ ‡∏ñ‡∏∑‡∏≠‡∏ß‡πà‡∏≤‡πÇ‡∏≠‡πÄ‡∏Ñ‡∏Ñ‡πà‡∏∞	pos
‡∏™‡∏¥‡∏ô‡∏Ñ‡πâ‡∏≤‡πÅ‡∏û‡∏Ñ‡∏≠‡∏¢‡πà‡∏≤‡∏á‡∏î‡∏µ ‡∏ó‡∏µ‡πà‡∏™‡∏≥‡∏Ñ‡∏±‡∏ç‡∏™‡πà‡∏á‡∏Ç‡∏≠‡πÄ‡∏£‡πá‡∏ß‡∏°‡∏≤‡∏Å ‡∏Ñ‡∏¥‡∏î‡∏ß‡πà‡∏≤‡∏à‡∏∞‡πÑ‡∏î‡πâ‡∏ä‡πâ‡∏≤‡πÄ‡∏™‡∏µ‡∏¢‡∏≠‡∏µ‡∏Å	pos
‡∏™‡πà‡∏á‡∏Ç‡∏≠‡∏á‡πÑ‡∏ß‡∏°‡∏≤‡∏Å ‡πÅ‡∏ï‡πà‡∏£‡∏≤‡∏Ñ‡∏≤‡∏Ç‡∏∂‡πâ‡∏ô‡∏•‡∏á‡∏ö‡πà‡∏≠‡∏¢‡∏°‡∏≤ ‡∏ï‡πâ‡∏≠‡∏á‡πÄ‡∏Ç‡πâ‡∏≤‡∏°‡∏≤‡πÄ‡∏ä‡πá‡∏Ñ‡∏£‡∏≤‡∏Ñ‡∏≤‡∏ö‡πà‡∏≠‡∏¢‡πÜ ‡∏ß‡πà‡∏≤‡∏ß‡∏±‡∏ô‡πÑ‡∏´‡∏ô‡∏à‡∏∞‡∏£‡∏≤‡∏Ñ‡∏≤‡∏ñ‡∏π‡∏Å ‡πÅ‡∏ï‡πà‡∏Ñ‡∏∏‡πâ‡∏°‡πÅ‡∏ô‡πà‡∏ô‡∏≠‡∏ô‡∏Ñ‡πà‡∏∞ ‡πÄ‡∏•‡∏∑‡∏≠‡∏Å‡∏ã‡∏∑‡πâ‡∏≠‡∏≠‡∏±‡∏ô‡∏ô‡∏µ‡πâ‡πÑ‡∏°‡πà‡∏ú‡∏¥‡∏î‡∏´‡∏ß‡∏±‡∏á‡∏Ñ‡πà‡∏∞	pos
‡πÑ‡∏î‡πâ‡∏£‡∏±‡∏ö‡∏Ç‡∏≠‡∏á‡πÄ‡∏£‡πá‡∏ß‡∏°‡∏≤‡∏Å ‡∏Å‡∏£‡∏∞‡∏ó‡∏∞‡∏£‡πâ‡∏≠‡∏ô‡πÄ‡∏£‡πá‡∏ß ‡∏ó‡∏≥‡∏≠‡∏≤‡∏´‡∏≤‡∏£‡πÑ‡∏î‡πâ‡∏´‡∏•‡∏≤‡∏¢‡∏≠‡∏¢‡πà‡∏≤‡∏á‡πÄ‡∏•‡∏¢‡∏Ñ‡πà‡∏∞ ‡∏ä‡∏≠‡∏ö‡∏°‡∏≤‡∏Å	pos
‡πÄ‡∏™‡∏µ‡∏¢‡∏î‡∏≤‡∏¢‡∏ó‡∏µ‡πà‡πÑ‡∏ß‡πâ‡πÉ‡∏à‡πÉ‡∏ä‡πâ‡∏ö‡∏£‡∏¥‡∏Å‡∏≤‡∏£‡∏ú‡∏¥‡∏î‡∏´‡∏ß‡∏±‡∏á‡∏°‡∏≤‡∏Å ‡πÄ‡∏≠‡∏≤‡∏™‡∏¥‡∏ô‡∏Ñ‡πâ‡∏≤‡∏Ç‡∏≠‡∏á‡∏Ñ‡∏∏‡∏ì‡∏Ñ‡∏∑‡∏≠‡πÑ‡∏õ‡πÄ‡∏ñ‡∏≠‡∏∞ ‡πÅ‡∏•‡πâ‡∏ß‡∏Ñ‡∏∑‡∏ô‡πÄ‡∏á‡∏¥‡∏ô‡πÉ‡∏´‡πâ‡πÄ‡∏£‡∏≤ ‡∏™‡∏±‡πà‡∏á‡∏Ç‡∏≠‡∏á‡∏Å‡πá‡∏ö‡πà‡∏≠‡∏¢‡∏ï‡πà‡∏≠‡πÑ‡∏õ‡πÑ‡∏°‡πà‡∏™‡∏±‡πà‡∏á‡πÅ‡∏•‡πâ‡∏ß ‡πÅ‡∏¢‡πà‡∏°‡∏≤‡∏Å‡πÜ‡πÜ‡πÜ‡πÜ‡πÜ‡πÜ‡πÜ‡πÜ‡πÜ‡πÜ‡πÜ‡πÜ‡πÜ‡πÜ	neg
‡πÅ‡∏¢‡πà‡∏°‡∏≤‡∏Å‡∏≠‡∏¢‡πà‡∏≤‡∏™‡∏±‡πà‡∏á‡∏ô‡∏∞	neg
‡πÅ‡∏¢‡πà‡∏°‡∏≤‡∏Å ‡∏£‡∏π‡∏õ‡∏î‡∏π‡∏™‡∏ß‡∏¢‡∏´‡∏£‡∏π‡∏î‡∏µ‡∏ô‡∏∞ ‡πÅ‡∏ï‡πà‡∏°‡∏≤‡πÄ‡∏à‡∏≠‡∏Ç‡∏≠‡∏á‡∏à‡∏£‡∏¥‡∏á‡∏ô‡∏µ‡πà‡πÅ‡∏¢‡πà‡∏™‡∏∏‡∏î‡πÜ ‡∏™‡∏¥‡∏ô‡∏Ñ‡πâ‡∏≤‡πÑ‡∏°‡πà‡∏™‡∏°‡∏Å‡∏±‡∏ö‡∏£‡∏≤‡∏Ñ‡∏≤‡πÄ‡∏•‡∏¢ 	neg
‡πÅ‡∏¢‡πà‡∏°‡∏≤‡∏Å‡πÄ‡∏™‡∏µ‡∏¢‡∏î‡∏≤‡∏¢‡πÄ‡∏á‡∏¥‡∏ô	neg
‡∏™‡∏¥‡∏ô‡∏Ñ‡πâ‡∏≤‡∏°‡∏µ‡∏£‡∏≠‡∏¢‡∏ï‡∏≥‡∏´‡∏ô‡∏¥ ‡πÄ‡∏õ‡πá‡∏ô‡∏£‡∏≠‡∏¢‡∏á‡πà‡∏≤‡∏¢ 	neg
‡∏™‡∏¥‡∏ô‡∏Ñ‡πâ‡∏≤‡∏Ñ‡∏∏‡∏ì‡∏†‡∏≤‡∏û‡πÅ‡∏¢‡πà‡∏°‡∏≤‡∏Å ‡∏ß‡∏±‡∏™‡∏î‡∏∏‡πÄ‡∏´‡∏°‡∏∑‡∏≠‡∏ô‡∏´‡∏°‡∏î‡∏≠‡∏≤‡∏¢‡∏∏‡πÅ‡∏•‡πâ‡∏ß	neg
‡∏™‡∏¥‡∏ô‡∏Ñ‡πâ‡∏≤‡∏™‡πà‡∏á‡∏°‡∏≤‡πÅ‡∏ï‡∏Å‡∏´‡∏±‡∏Å ‡∏¢‡∏±‡∏á‡πÑ‡∏°‡πà‡πÑ‡∏î‡πâ‡∏õ‡∏£‡∏∞‡∏Å‡∏≠‡∏ö‡πÄ‡∏•‡∏¢ ‡πÄ‡∏™‡∏µ‡∏¢‡∏Ñ‡∏ß‡∏≤‡∏°‡∏£‡∏π‡πâ‡∏™‡∏∂‡∏Å	neg
‡∏ã‡∏∑‡πâ‡∏≠‡πÅ‡∏•‡πâ‡∏ß‡∏ú‡∏¥‡∏î‡∏´‡∏ß‡∏±‡∏á‡∏™‡∏¥‡∏ô‡∏Ñ‡πâ‡∏≤‡πÑ‡∏°‡πà‡∏°‡∏µ‡∏Ñ‡∏∏‡∏ì‡∏†‡∏≤‡∏û	neg
‡πÅ‡∏¢‡πà‡∏°‡∏≤‡∏Å ‡∏ö‡∏¥‡∏î‡∏ô‡πâ‡∏≥‡πÑ‡∏°‡πà‡πÅ‡∏´‡πâ‡∏á ‡πÄ‡∏™‡∏µ‡∏¢‡∏î‡∏≤‡∏¢‡∏ï‡∏±‡∏á‡∏°‡∏≤‡∏Å	neg
‡∏ï‡∏Å‡πÉ‡∏à‡∏°‡∏≤‡∏Å ‡πÇ‡∏Ñ‡∏ï‡∏£‡πÅ‡∏¢‡πà ‡∏Å‡πà‡∏≠‡∏ô‡∏´‡∏ô‡πâ‡∏≤‡∏ô‡∏µ‡πâ‡πÉ‡∏ä‡πâ‡∏î‡∏µ ‡∏ä‡∏≠‡∏ö‡∏°‡∏≤‡∏Å ‡∏õ‡∏•‡∏≠‡∏î‡∏†‡∏±‡∏¢‡∏î‡∏µ ‡∏ï‡∏≠‡∏ô‡∏£‡∏∞‡πÄ‡∏ö‡∏¥‡∏î‡∏°‡∏µ‡∏Å‡∏•‡∏¥‡πà‡∏ô‡πÑ‡∏´‡∏°‡πâ‡∏Å‡∏±‡∏ö‡∏õ‡∏£‡∏∞‡∏Å‡∏≤‡∏¢‡πÑ‡∏ü ‡πÑ‡∏°‡πà‡πÄ‡∏õ‡πá‡∏ô‡πÅ‡∏ú‡∏•‡πÅ‡∏ï‡πà‡πÄ‡∏õ‡πá‡∏ô‡∏î‡∏≥‡πÜ ‡∏ó‡∏µ‡πà‡∏°‡∏∑‡∏≠ ‡πÅ‡∏™‡∏ö‡πÄ‡∏•‡πá‡∏Å‡∏ô‡πâ‡∏≠‡∏¢	neg
‡∏™‡∏¥‡∏ô‡∏Ñ‡πâ‡∏≤‡πÉ‡∏ä‡πâ‡∏î‡∏µ‡∏™‡∏µ‡∏™‡∏î‡πÉ‡∏ä‡πâ‡∏à‡∏ô‡∏ñ‡∏∂‡∏á‡∏ó‡∏∏‡∏Å‡∏ß‡∏±‡∏ô‡∏ô‡∏µ‡πâ	pos
‡∏£‡πâ‡∏≤‡∏ô‡∏ô‡∏µ‡πâ ‡∏Ç‡∏≤‡∏¢‡∏™‡∏¥‡∏ô‡∏Ñ‡πâ‡∏≤‡∏ï‡∏£‡∏á‡∏ï‡∏≤‡∏°‡∏õ‡∏£‡∏∞‡∏Å‡∏≤‡∏® ‡∏™‡πà‡∏á‡∏ï‡∏≤‡∏°‡∏Å‡∏≥‡∏´‡∏ô‡∏î ‡∏™‡∏¥‡∏ô‡∏Ñ‡πâ‡∏≤‡πÉ‡∏ä‡πâ‡∏á‡∏≤‡∏ô‡∏î‡∏µ	pos
‡∏ñ‡∏π‡∏Å‡∏Å‡∏ß‡πà‡∏≤‡πÉ‡∏ô‡∏´‡πâ‡∏≤‡∏á‡πÄ‡∏¢‡∏≠‡∏∞‡πÄ‡∏•‡∏¢‡∏Ñ‡∏£‡∏±‡∏ö ‡∏†‡∏≤‡∏û‡∏ä‡∏±‡∏î ‡∏™‡∏¥‡∏ô‡∏Ñ‡πâ‡∏≤‡πÉ‡∏´‡∏°‡πà ‡∏û‡∏ô‡∏±‡∏Å‡∏á‡∏≤‡∏ô‡∏ö‡∏£‡∏¥‡∏Å‡∏≤‡∏£‡∏î‡∏µ‡∏°‡∏≤‡∏Å ‡∏™‡∏±‡πà‡∏á‡∏™‡∏¥‡∏ô‡∏Ñ‡πâ‡∏≤‡∏Å‡∏±‡∏ö‡∏•‡∏≤‡∏ã‡∏≤‡∏î‡πâ‡∏≤‡πÑ‡∏°‡πà‡πÄ‡∏Ñ‡∏¢‡∏ú‡∏¥‡∏î‡∏´‡∏ß‡∏±‡∏á‡πÄ‡∏•‡∏¢‡∏Ñ‡∏£‡∏±‡∏ö	pos
‡πÅ‡∏£‡∏á‡∏î‡∏µ ‡∏´‡∏ô‡πâ‡∏≤‡∏à‡∏≠‡πÉ‡∏´‡∏ç‡πà ‡∏™‡πà‡∏á‡∏Ç‡∏≠‡∏á‡πÄ‡∏£‡πá‡∏ß ‡∏û‡∏≠‡πÉ‡∏à‡∏Ñ‡∏£‡∏±‡∏ö	pos
‡∏à‡∏≠‡πÉ‡∏´‡∏ç‡πà‡∏°‡∏≤‡∏Å ‡∏Ñ‡∏∏‡∏ì‡∏†‡∏≤‡∏û‡πÄ‡∏™‡∏µ‡∏¢‡∏á ‡∏ä‡∏±‡∏î‡πÄ‡∏à‡∏ô‡∏î‡∏µ‡∏°‡∏≤‡∏Å ‡πÇ‡∏î‡∏¢‡∏£‡∏ß‡∏°‡πÅ‡∏•‡πâ‡∏ß‡∏Ñ‡∏∏‡πâ‡∏°‡∏Ñ‡πà‡∏≤‡∏°‡∏≤‡∏Å	pos
‡∏û‡∏Å‡∏û‡∏≤‡∏™‡∏∞‡∏î‡∏ß‡∏Å ‡πÑ‡∏î‡πâ‡∏Ç‡∏≠‡∏á‡πÄ‡∏£‡πá‡∏ß	pos
‡πÇ‡∏≠‡πÄ‡∏Ñ‡∏°‡∏≤‡∏Å ‡πÄ‡∏õ‡πá‡∏ô‡∏≠‡∏¢‡πà‡∏≤‡∏á‡∏ó‡∏µ‡πà‡∏Ñ‡∏≤‡∏î‡∏´‡∏ß‡∏±‡∏á‡πÑ‡∏ß‡πâ ‡πÄ‡∏¢‡∏µ‡πà‡∏¢‡∏°	pos
‡πÑ‡∏î‡πâ‡∏™‡∏¥‡∏ô‡∏Ñ‡πâ‡∏≤‡∏†‡∏≤‡∏¢‡πÉ‡∏ô‡∏™‡∏≠‡∏á‡∏ß‡∏±‡∏ô OK ‡∏ô‡∏∞‡∏Ñ‡∏£‡∏±‡∏ö ‡∏™‡∏°‡∏£‡∏≤‡∏Ñ‡∏≤ ‡πÉ‡∏ä‡πâ‡∏á‡∏≤‡∏ô‡πÑ‡∏î‡πâ‡∏õ‡∏Å‡∏ï‡∏¥	pos
‡∏î‡∏µ‡∏°‡∏≤‡∏Å‡πÜ‡πÜ‡∏Ñ‡∏∞ ‡πÑ‡∏î‡πâ‡πÄ‡∏£‡πá‡∏ß ‡πÅ‡∏û‡πä‡∏Ñ‡∏î‡∏µ ‡∏™‡∏¥‡∏ô‡∏Ñ‡πâ‡∏≤‡∏™‡∏†‡∏≤‡∏û‡∏î‡∏µ ‡∏£‡∏≤‡∏Ñ‡∏≤‡∏ñ‡∏π‡∏Å ‡πÑ‡∏°‡πà‡∏ï‡πâ‡∏≠‡∏á‡πÑ‡∏õ‡πÄ‡∏î‡∏¥‡∏ô‡∏ä‡πä‡∏≠‡∏õ‡πÄ‡∏≠‡∏á ‡∏î‡∏µ‡∏Ñ‡∏∞	pos
‡∏™‡πà‡∏á‡∏Ç‡∏≠‡∏á‡∏£‡∏ß‡∏î‡πÄ‡∏£‡πá‡∏ß‡∏°‡∏≤‡∏Å ‡∏™‡∏¥‡∏ô‡∏Ñ‡πâ‡∏≤‡πÉ‡∏´‡∏°‡πà‡∏î‡πâ‡∏ß‡∏¢ ‡πÇ‡∏î‡∏¢‡∏£‡∏ß‡∏°‡πÉ‡∏´‡πâ‡∏Ñ‡∏∞‡πÅ‡∏ô‡∏ô‡πÄ‡∏ï‡πá‡∏°‡∏Ñ‡∏£‡∏±‡∏ö	pos
‡πÑ‡∏°‡πà‡∏û‡∏∂‡∏á‡∏û‡∏≠‡πÉ‡∏à‡πÄ‡∏•‡∏¢  ‡∏™‡∏¥‡∏ô‡∏Ñ‡πâ‡∏≤‡∏ú‡∏•‡∏¥‡∏ï‡∏à‡∏≤‡∏Å‡∏û‡∏•‡∏≤‡∏™‡∏ï‡∏¥‡∏Å‡∏î‡πâ‡∏≠‡∏¢‡∏Ñ‡∏∏‡∏ì‡∏†‡∏≤‡∏û  ‡∏Å‡πä‡∏≠‡∏á‡πÅ‡∏Å‡πä‡∏á‡∏°‡∏≤‡∏Å	neg
‡πÅ‡∏û‡πá‡∏Ñ‡∏Ç‡∏≠‡∏á‡πÑ‡∏°‡πà‡∏î‡∏µ‡∏°‡∏≤‡∏Å‡πÄ‡∏•‡∏¢‡∏Ñ‡∏£‡∏±‡∏ö‡∏Ç‡πâ‡∏≤‡∏á‡πÉ‡∏ô‡∏Å‡∏•‡πà‡∏≠‡∏á‡∏â‡∏µ‡∏Å‡∏Ç‡∏≤‡∏î‡πÑ‡∏°‡πà‡∏™‡∏ß‡∏¢‡πÄ‡∏•‡∏¢	neg
‡∏Ñ‡∏∏‡∏ì‡∏†‡∏≤‡∏û‡∏™‡∏¥‡∏ô‡∏Ñ‡πâ‡∏≤‡πÑ‡∏°‡πà‡∏ô‡πà‡∏≤‡∏õ‡∏£‡∏∞‡∏ó‡∏±‡∏ö‡πÉ‡∏à	neg
‡∏ß‡∏±‡∏™‡∏î‡∏∏‡πÅ‡∏¢‡πà ‡∏Ç‡∏≤‡∏î‡∏á‡πà‡∏≤‡∏¢ ‡πÄ‡∏™‡∏µ‡∏¢‡∏î‡∏≤‡∏¢‡πÄ‡∏á‡∏¥‡∏ô	neg
‡∏≠‡∏¢‡πà‡∏≤‡∏Ç‡∏≤‡∏¢‡πÄ‡∏•‡∏¢ ‡∏¢‡∏Å‡πÄ‡∏•‡∏¥‡∏Å‡πÇ‡∏õ‡∏£‡∏ô‡∏µ‡πâ‡πÄ‡∏ñ‡∏≠‡∏∞ ‡πÄ‡∏™‡∏µ‡∏¢‡∏Ñ‡∏ß‡∏≤‡∏°‡∏£‡∏π‡πâ‡∏™‡∏∂‡∏Å ‡∏î‡∏π‡∏°‡∏≤‡∏´‡∏•‡∏≤‡∏¢‡πÄ‡∏î‡∏∑‡∏≠‡∏ô‡∏•‡∏∞	neg
‡πÅ‡∏ö‡∏ï‡πÅ‡∏¢‡πà‡∏°‡∏≤‡∏Å‡∏Ñ‡πà‡∏∞ ‡∏´‡∏°‡∏î‡πÄ‡∏£‡πá‡∏ß‡∏°‡∏≤‡∏Å ‡∏£‡∏±‡∏ö‡∏õ‡∏£‡∏∞‡∏Å‡∏±‡∏ô‡πÑ‡∏°‡πà‡πÑ‡∏î‡πâ‡∏ä‡∏ß‡∏¢‡∏≠‡∏∞‡πÑ‡∏£‡πÄ‡∏•‡∏¢ 	neg
‡πÄ‡∏´‡πá‡∏ô‡πÅ‡∏•‡πâ‡∏ß‡∏£‡∏π‡πâ‡∏™‡∏∂‡∏Å‡πÅ‡∏¢‡πà ‡πÑ‡∏°‡πà‡∏°‡∏±‡πà‡∏ô‡πÉ‡∏à‡πÉ‡∏ô‡∏™‡∏¥‡∏ô‡∏Ñ‡πâ‡∏≤‡∏£‡πâ‡∏≤‡∏ô‡∏ô‡∏µ‡πâ	neg
‡∏Ñ‡∏∏‡∏ì‡∏†‡∏≤‡∏û‡πÅ‡∏¢‡πà‡∏°‡∏≤‡∏Å‡∏Ñ‡πà‡∏∞ ‡πÉ‡∏ä‡πâ‡∏Ñ‡∏£‡∏±‡πâ‡∏á‡πÅ‡∏£‡∏Å‡∏°‡∏µ‡∏Å‡∏•‡∏¥‡πà‡∏ô‡πÑ‡∏´‡∏°‡πâ‡∏≠‡∏≠‡∏Å‡∏°‡∏≤‡πÄ‡∏•‡∏¢‡πÅ‡∏ñ‡∏°‡∏Ç‡πâ‡∏≤‡∏ß‡πÑ‡∏°‡πà‡∏™‡∏∏‡∏Å‡∏î‡πâ‡∏ß‡∏¢	neg
‡πÄ‡∏™‡∏µ‡∏¢‡πÄ‡∏ß‡∏•‡∏≤‡∏°‡∏≤‡∏Å‡πÜ ‡∏Å‡∏ß‡πà‡∏≤‡∏à‡∏∞‡∏ó‡∏≥‡πÄ‡∏£‡∏∑‡πà‡∏≠‡∏á‡∏Ñ‡∏∑‡∏ô‡πÄ‡∏á‡∏¥‡∏ô‡πÑ‡∏î‡πâ ‡∏Ç‡∏≠‡∏á‡∏Å‡πá‡∏ï‡πâ‡∏≠‡∏á‡πÉ‡∏ä‡πâ ‡∏ï‡πâ‡∏≠‡∏á‡πÑ‡∏õ‡∏ã‡∏∑‡πâ‡∏≠‡πÉ‡∏´‡∏°‡πà ‡πÄ‡∏™‡∏µ‡∏¢‡πÄ‡∏á‡∏¥‡∏ô‡∏ã‡πâ‡∏≥‡∏≠‡∏µ‡∏Å ‡∏£‡∏∞‡∏ö‡∏ö‡∏Å‡∏≤‡∏£‡∏ó‡∏≥‡∏á‡∏≤‡∏ô‡πÅ‡∏¢‡πà‡∏°‡∏≤‡∏Å ‡∏°‡∏±‡∏ô‡πÄ‡∏´‡∏°‡∏∑‡∏≠‡∏ô‡∏Å‡∏±‡∏ô‡∏°‡∏≤‡∏Å‡πÄ‡∏•‡∏¢‡∏´‡∏£‡∏∑‡∏≠ ‡∏™‡πà‡∏á‡∏ú‡∏¥‡∏î‡∏£‡∏∏‡πà‡∏ô‡πÑ‡∏î‡πâ	neg
‡∏´‡∏•‡∏≠‡∏Å‡∏•‡∏ß‡∏á ‡∏ï‡πâ‡∏°‡∏ï‡∏∏‡πã‡∏ô ‡πÄ‡∏≠‡∏≤‡∏Ç‡∏≠‡∏á‡∏õ‡∏•‡∏≠‡∏°‡∏°‡∏≤‡∏Ç‡∏≤‡∏¢ ‡∏£‡πâ‡∏≤‡∏ô‡πÇ‡∏à‡∏£	neg
‡∏™‡πà‡∏á‡πÄ‡∏£‡πá‡∏ß‡∏ó‡∏±‡∏ô‡πÉ‡∏ä‡πâ‡∏ï‡∏≤‡∏°‡∏Ñ‡∏ß‡∏≤‡∏°‡∏ï‡πâ‡∏≠‡∏á‡∏Å‡∏≤‡∏£	pos
‡πÄ‡∏ô‡∏∑‡πâ‡∏≠‡∏ú‡πâ‡∏≤‡∏î‡∏µ‡πÅ‡∏ï‡πà‡πÑ‡∏°‡πà‡∏´‡∏ô‡∏≤ ‡πÄ‡∏ã‡πá‡∏Å‡∏ã‡∏µ‡πà‡∏î‡∏µ‡πÅ‡∏ï‡πà‡πÑ‡∏°‡πà‡πÇ‡∏õ‡πä‡∏∞ ‡∏Ñ‡∏∏‡∏ì‡∏†‡∏≤‡∏û‡∏™‡∏°‡∏Å‡∏±‡∏ö‡∏£‡∏≤‡∏Ñ‡∏≤	pos
‡∏á‡πà‡∏≤‡∏¢‡∏î‡∏µ‡πÑ‡∏°‡πà‡∏ï‡πâ‡∏≠‡∏á‡∏´‡∏≤‡∏ã‡∏∑‡πâ‡∏≠‡πÉ‡∏´‡πâ‡∏¢‡∏∏‡πà‡∏á‡∏¢‡∏≤‡∏Å	pos
‡∏™‡∏°‡∏£‡∏≤‡∏Ñ‡∏≤‡∏Ñ‡πà‡∏∞ ‡∏†‡∏≤‡∏û‡∏ä‡∏±‡∏î‡πÄ‡∏à‡∏ô ‡πÄ‡∏ó‡∏µ‡∏¢‡∏ö‡∏Å‡∏±‡∏ö‡∏¢‡∏µ‡πà‡∏´‡πâ‡∏≠‡∏≠‡∏∑‡πà‡∏ô‡∏£‡∏≤‡∏Ñ‡∏≤‡∏ñ‡∏π‡∏Å‡∏Å‡∏ß‡πà‡∏≤	pos
‡∏™‡∏ß‡∏¢‡∏°‡∏≤‡πÉ‡∏ä‡πâ‡∏á‡∏≤‡∏ô‡∏á‡πà‡∏≤‡∏¢‡∏°‡∏≤‡∏Å‡∏ó‡∏µ‡πà‡∏™‡∏≥‡∏Ñ‡∏±‡∏ç‡∏™‡πà‡∏á‡πÄ‡∏£‡πá‡∏ß‡∏°‡∏≤‡∏Å	pos
‡πÄ‡∏™‡∏µ‡∏¢‡∏á‡∏î‡∏µ ‡∏™‡πà‡∏á‡πÄ‡∏£‡πá‡∏ß ‡∏£‡∏≤‡∏Ñ‡∏≤‡∏ô‡∏µ‡πâ‡∏Ñ‡∏∏‡πâ‡∏°‡∏Ñ‡∏£‡∏±‡∏ö 	pos
‡πÉ‡∏ä‡πâ‡∏î‡∏µ‡∏¢‡∏±‡∏á‡πÑ‡∏°‡πà‡∏°‡∏µ‡∏õ‡∏±‡∏ç‡∏´‡∏≤‡∏≠‡∏∞‡πÑ‡∏£‡∏Ñ‡πà‡∏∞‡∏ä‡∏≠‡∏ö‡∏°‡∏≤‡∏Å	pos
‡∏™‡πÄ‡∏õ‡πá‡∏Ñ‡∏ñ‡∏∑‡∏≠‡∏ß‡πà‡∏≤‡πÇ‡∏≠‡πÄ‡∏Ñ‡∏£‡πÄ‡∏•‡∏¢‡∏Ñ‡∏±‡∏ö ‡πÑ‡∏´‡∏•‡∏•‡∏∑‡πà‡∏ô‡∏î‡∏µ‡πÑ‡∏°‡πà‡∏°‡∏µ‡∏™‡∏î‡∏∏‡∏î ‡∏™‡∏°‡∏Å‡∏±‡∏ö‡∏£‡∏≤‡∏Ñ‡∏≤ ‡πÅ‡∏•‡∏∞‡∏Ñ‡∏∏‡πâ‡∏°‡∏Ñ‡πà‡∏≤‡∏°‡∏≤‡∏Å‡πÜ‡πÄ‡∏•‡∏¢	pos
‡πÉ‡∏ä‡πâ‡∏î‡∏µ‡∏™‡πà‡∏á‡∏Ç‡∏≠‡∏á‡πÑ‡∏ß ‡∏°‡∏≤‡∏Å‡πÄ‡∏à‡πâ‡∏≤‡∏ô‡∏µ‡πâ  ‡∏ß‡∏±‡∏™‡∏î‡∏∏‡∏Ñ‡∏∏‡∏ì‡∏†‡∏≤‡∏û‡∏à‡∏£‡∏¥‡∏á‡∏à‡∏£‡∏¥‡∏á	pos
‡πÅ‡∏û‡∏Ñ‡∏Ç‡∏≠‡∏á‡πÄ‡∏£‡∏µ‡∏¢‡∏ö‡∏£‡πâ‡∏≠‡∏¢‡∏î‡∏µ‡∏Ñ‡πà‡∏∞ ‡∏™‡πà‡∏á‡πÄ‡∏£‡πá‡∏ß ‡πÑ‡∏ß‡πâ‡∏à‡∏∞‡∏™‡∏±‡πà‡∏á‡∏≠‡∏µ‡∏Å‡∏ô‡∏∞‡∏Ñ‡∏∞‚ò∫	pos
‡πÄ‡∏Å‡∏£‡∏î‡∏ï‡πà‡∏≥‡πÄ‡∏´‡∏°‡∏∑‡∏≠‡∏ô‡∏Å‡∏±‡∏ö‡∏ß‡πà‡∏≤‡πÄ‡∏≠‡∏≤‡∏Ç‡∏≠‡∏á‡∏ñ‡∏π‡∏Å‡πÜ‡∏°‡∏≤‡∏Ñ‡∏•‡∏∞‡∏Å‡∏±‡∏ô	neg
‡∏™‡∏±‡πà‡∏á‡∏ã‡∏∑‡πâ‡∏≠‡πÅ‡∏•‡πâ‡∏ß‡∏≠‡∏¢‡∏π‡πà‡∏î‡∏µ‡πÜ‡∏°‡∏≤‡∏¢‡∏Å‡πÄ‡∏•‡∏¥‡∏Å ‡πÄ‡∏™‡∏µ‡∏¢‡∏Ñ‡∏ß‡∏≤‡∏°‡∏£‡∏π‡πâ‡∏™‡∏∂‡∏Å‡πÄ‡∏•‡∏¢‡∏Ñ‡∏£‡∏±‡∏ö	neg
‡πÑ‡∏°‡πà‡πÄ‡∏õ‡πá‡∏ô‡πÑ‡∏õ‡∏ï‡∏≤‡∏°‡∏ó‡∏µ‡πà‡πÇ‡∏Ü‡∏©‡∏ì‡∏≤ ‡∏™‡πà‡∏á‡∏™‡∏¥‡∏ô‡∏Ñ‡πâ‡∏≤‡πÑ‡∏°‡πà‡∏ï‡∏£‡∏á‡∏ï‡∏≤‡∏°‡∏Å‡∏≥‡∏´‡∏ô‡∏î ‡πÄ‡∏°‡∏∑‡πà‡∏≠‡∏™‡∏¥‡∏ô‡∏Ñ‡πâ‡∏≤‡∏°‡∏µ‡∏õ‡∏±‡∏ç‡∏´‡∏≤‡πÑ‡∏°‡πà‡∏£‡∏±‡∏ö‡∏ú‡∏¥‡∏î‡∏ä‡∏≠‡∏ö‡πÉ‡∏î 	neg
‡πÑ‡∏°‡πà‡∏ã‡∏∂‡∏°‡∏ã‡∏±‡∏ö‡∏•‡∏π‡∏Å‡∏≠‡∏±‡∏ö‡∏ä‡∏∑‡πâ‡∏ô‡πÇ‡∏Ü‡∏©‡∏ì‡∏≤‡πÄ‡∏Å‡∏¥‡∏ô‡∏à‡∏£‡∏¥‡∏á‡πÄ‡∏™‡∏µ‡∏¢‡πÄ‡∏á‡∏¥‡∏ô‡∏ü‡∏£‡∏µ‡πÑ‡∏°‡πà‡∏Ñ‡∏∏‡πâ‡∏°‡πÅ‡∏¢‡πà‡∏°‡∏≤‡∏Å	neg
‡πÑ‡∏°‡πà‡∏°‡∏µ‡∏Ñ‡∏π‡πà‡∏°‡∏∑‡∏≠ ‡πÅ‡∏¢‡πà‡∏°‡∏≤‡∏Å‡∏Ñ‡∏£‡∏±‡∏ö ‡∏Å‡∏•‡πà‡∏≠‡∏á‡∏Å‡πá‡πÑ‡∏°‡πà‡∏°‡∏µ ‡πÉ‡∏™‡πà‡∏ñ‡∏∏‡∏á‡∏°‡∏≤‡πÉ‡∏´‡πâ ‡∏ó‡∏∏‡πÄ‡∏£‡∏®‡∏°‡∏≤‡∏Å‡∏Ñ‡∏£‡∏±‡∏ö	neg
‡∏™‡∏¥‡∏ô‡∏Ñ‡πâ‡∏≤‡πÑ‡∏°‡πà‡∏ï‡∏£‡∏á‡∏õ‡∏Å ‡∏Ç‡∏≠‡∏á‡∏Ñ‡∏∏‡∏ì‡∏†‡∏≤‡∏û‡∏£‡πâ‡∏≠‡∏¢‡∏Å‡∏ß‡πà‡∏≤‡∏ö‡∏≤‡∏ó ‡πÅ‡∏¢‡πà‡πÜ	neg
‡πÅ‡∏¢‡πà‡∏°‡∏≤‡∏Å‡πÜ‡∏™‡∏±‡πà‡∏á‡∏Ç‡∏≠‡∏á‡∏à‡πà‡∏≤‡∏¢‡πÄ‡∏á‡∏¥‡∏ô ‡πÅ‡∏ï‡πà‡πÑ‡∏°‡πà‡πÑ‡∏î‡πâ‡∏Ç‡∏≠‡∏á!	neg
‡πÉ‡∏ä‡πâ‡πÑ‡∏î‡πâ‡πÅ‡∏õ‡πá‡∏ö‡πÄ‡∏î‡∏µ‡∏¢‡∏ß‡∏û‡∏±‡∏á‡πÅ‡∏•‡πâ‡∏ß	neg
‡∏™‡∏¥‡∏ô‡∏Ñ‡πâ‡∏≤‡∏ä‡∏≥‡∏£‡∏∏‡∏î ‡∏™‡πà‡∏á‡∏°‡∏≤‡∏ñ‡∏∂‡∏á‡πÅ‡∏Å‡∏∞‡∏î‡∏π ‡∏™‡∏¥‡∏ô‡∏Ñ‡πâ‡∏≤‡πÅ‡∏ï‡∏Å	neg
‡∏ã‡∏∑‡πâ‡∏≠‡∏°‡∏≤‡∏¢‡∏±‡∏á‡πÑ‡∏°‡πà‡∏ó‡∏±‡∏ô‡πÄ‡∏•‡πà‡∏ô‡πÄ‡∏•‡∏¢‡∏û‡∏±‡∏á‡∏ã‡∏∞‡πÅ‡∏•‡πâ‡∏ß	neg
‡∏ú‡πâ‡∏≤‡∏ô‡∏¥‡πà‡∏° ‡πÄ‡∏î‡πâ‡∏á‡πÜ ‡∏î‡∏µ‡∏Å‡∏ß‡πà‡∏≤‡∏ó‡∏µ‡πà‡∏Ñ‡∏¥‡∏î‡πÑ‡∏ß‡πâ ‡∏ä‡∏≠‡∏ö‡∏Ñ‡∏∞	pos
‡πÇ‡∏≠‡πÄ‡∏Ñ‡∏£‡∏Ñ‡πà‡∏∞‡πÑ‡∏î‡πâ‡∏™‡∏¥‡∏ô‡∏Ñ‡πâ‡∏≤‡∏ï‡∏≤‡∏°‡∏£‡∏π‡∏õ‡∏ú‡πâ‡∏≤‡πÉ‡∏™‡πà‡∏™‡∏ö‡∏≤‡∏¢	pos
‡πÄ‡∏™‡∏∑‡πâ‡∏≠‡∏™‡∏ß‡∏¢‡∏ñ‡∏π‡∏Å‡πÉ‡∏à‡∏Ñ‡πà‡∏∞‡∏™‡πà‡∏á‡πÄ‡∏£‡πá‡∏ß‡∏ó‡∏±‡∏ô‡πÉ‡∏à‡∏î‡∏µ	pos
‡∏Ñ‡∏∏‡∏ì‡∏†‡∏≤‡∏û‡πÄ‡∏´‡∏°‡∏≤‡∏∞‡∏™‡∏°‡∏Å‡∏±‡∏ö‡∏£‡∏≤‡∏Ñ‡∏≤ ‡πÉ‡∏ä‡πâ‡∏á‡∏≤‡∏ôOK ‡∏ï‡πà‡∏≠‡∏î‡∏π‡∏†‡∏≤‡∏û‡∏à‡∏≤‡∏Å‡∏Ñ‡∏≠‡∏°‡∏ä‡∏±‡∏î‡∏°‡∏≤‡∏Å ‡∏à‡∏±‡∏î‡∏™‡πà‡∏á‡πÄ‡∏£‡πá‡∏ß‡∏î‡∏µ	pos
‡πÄ‡∏ô‡∏∑‡πâ‡∏≠‡∏ú‡πâ‡∏≤‡∏î‡∏µ‡∏°‡∏≤‡∏Å‡πÜ‡πÜ‡πÜ‡πÜ‡πÄ‡∏Å‡∏¥‡∏ô‡∏£‡∏≤‡∏Ñ‡∏≤ ‡∏Å‡∏≥‡∏•‡∏±‡∏á‡∏à‡∏∞‡∏™‡∏±‡πà‡∏á‡πÄ‡∏û‡∏¥‡πà‡∏°‡∏≠‡∏µ‡∏Å ‡∏ä‡πâ‡∏≤‡∏´‡∏ô‡πà‡∏≠‡∏¢‡πÅ‡∏ï‡πà‡πÑ‡∏î‡πâ‡∏°‡∏≤‡πÑ‡∏°‡πà‡∏ú‡∏¥‡∏î‡∏´‡∏ß‡∏±‡∏á‡πÄ‡∏•‡∏¢‡∏Ñ‡πà‡∏∞	pos
‡πÉ‡∏ä‡πâ‡∏î‡∏µ ‡∏£‡∏≤‡∏Ñ‡∏≤‡πÑ‡∏°‡πà‡πÅ‡∏û‡∏á‡πÄ‡∏Å‡∏¥‡∏ô‡∏Ñ‡πà‡∏∞ ‡∏û‡∏≠‡πÉ‡∏à‡∏°‡∏≤‡∏Å	pos
‡πÉ‡∏ä‡πâ‡∏î‡∏µ‡∏°‡∏≤‡∏Å‡∏Ñ‡πà‡∏∞ ‡∏ä‡πà‡∏ß‡∏¢‡πÉ‡∏´‡πâ‡∏´‡∏ô‡πâ‡∏≤‡∏ï‡∏∂‡∏á‡∏Ç‡∏∂‡πâ‡∏ô ‡∏´‡∏ô‡πâ‡∏≤‡πÑ‡∏°‡πà‡πÄ‡∏´‡∏µ‡πà‡∏¢‡∏ß  ‡πÄ‡∏£‡∏≤‡πÉ‡∏ä‡πâ‡∏°‡∏≤‡∏ï‡∏•‡∏≠‡∏î‡∏Ñ‡πà‡∏∞ ‡∏™‡∏±‡πà‡∏á‡∏≠‡∏µ‡∏Å‡πÅ‡∏ô‡πà	pos
‡∏à‡∏≤‡∏Å‡∏Å‡∏≤‡∏£‡∏û‡∏¥‡∏™‡∏π‡∏à‡∏ô‡πå‡πÄ‡∏õ‡πá‡∏ô‡∏´‡∏ô‡∏±‡∏á‡πÅ‡∏ó‡πâ ‡πÄ‡∏•‡∏∑‡∏≠‡∏Å‡πÑ‡∏°‡πà‡∏ú‡∏¥‡∏î ‡∏á‡∏≤‡∏ô‡πÄ‡∏¢‡πá‡∏ö‡∏•‡∏∞‡πÄ‡∏≠‡∏µ‡∏¢‡∏î ‡∏ä‡∏≠‡∏ö‡∏Ñ‡∏£‡∏±‡∏ö 	pos
‡πÅ‡∏û‡πá‡∏Ñ‡∏™‡∏¥‡∏ô‡∏Ñ‡πâ‡∏≤‡∏î‡∏µ ‡∏™‡∏¥‡∏ô‡∏Ñ‡πâ‡∏≤‡∏Ñ‡∏∏‡∏ì‡∏†‡∏≤‡∏û ‡∏™‡∏°‡∏£‡∏≤‡∏Ñ‡∏≤ ‡πÅ‡∏ü‡∏ô‡∏õ‡∏£‡∏∞‡∏ó‡∏±‡∏ö‡πÉ‡∏à‡∏Ñ‡∏£‡∏±‡∏ö	pos
‡∏™‡πà‡∏á‡∏Ç‡∏≠‡∏á‡πÑ‡∏î‡πâ‡πÄ‡∏£‡πá‡∏ß‡∏°‡∏≤‡∏Å ‡∏™‡∏¥‡∏ô‡∏Ñ‡πâ‡∏≤‡πÉ‡∏ä‡πâ‡πÑ‡∏î‡πâ‡∏î‡∏µ‡πÑ‡∏°‡πà‡∏°‡∏µ‡∏õ‡∏±‡∏ç‡∏´‡∏≤ ‡∏Ñ‡∏∏‡πâ‡∏°	pos
‡πÄ‡∏™‡∏µ‡∏¢‡∏Ñ‡∏ß‡∏≤‡∏°‡∏£‡∏π‡πâ‡∏™‡∏∂‡∏Å‡∏Ñ‡πà‡∏∞‡∏°‡∏≤‡πÑ‡∏°‡πà‡∏ï‡∏£‡∏á‡∏ó‡∏µ‡πà‡∏™‡∏±‡πà‡∏á	neg
‡∏°‡∏±‡∏ô‡∏ú‡∏¥‡∏î‡∏û‡∏•‡∏≤‡∏î‡∏≠‡∏∞‡πÑ‡∏£‡∏´‡∏£‡∏∑‡∏≠‡∏•‡∏á‡∏£‡∏π‡∏õ‡πÄ‡∏û‡∏∑‡πà‡∏≠‡∏´‡∏•‡∏≠‡∏Å‡πÉ‡∏´‡πâ‡∏Ñ‡∏ô‡∏™‡∏±‡πà‡∏á‡∏ã‡∏∑‡πâ‡∏≠‡∏≠‡∏ò‡∏¥‡∏ö‡∏≤‡∏¢‡∏´‡∏ô‡πà‡∏≠‡∏¢	neg
‡∏™‡∏¥‡∏ô‡∏Ñ‡πâ‡∏≤‡∏Ñ‡∏∏‡∏ì‡∏†‡∏≤‡∏û‡πÑ‡∏°‡πà‡∏Ñ‡πà‡∏≠‡∏¢‡∏î‡∏µ	neg
‡∏™‡∏¥‡∏ô‡∏Ñ‡πâ‡∏≤‡∏°‡∏µ‡∏ï‡∏≥‡∏´‡∏ô‡∏¥ ‡πÅ‡∏¢‡πà‡∏°‡∏≤‡∏Å‡πÜ ‡πÑ‡∏°‡πà‡πÑ‡∏´‡∏ß‡πÜ‡πÄ‡∏•‡∏¢ ‡∏ñ‡πâ‡∏≤‡∏°‡∏µ‡∏ï‡∏≥‡∏´‡∏ô‡∏¥‡∏Å‡πá‡∏ö‡∏≠‡∏Å‡∏î‡πâ‡∏ß‡∏¢‡∏Ñ‡∏£‡∏±‡∏ö ‡∏à‡∏∞‡πÑ‡∏î‡πâ‡∏ó‡∏≥‡πÉ‡∏à‡∏Å‡πà‡∏≠‡∏ô‡∏ã‡∏∑‡πâ‡∏≠	neg
‡πÄ‡∏õ‡∏£‡∏≤‡∏∞‡∏ö‡∏≤‡∏á‡∏°‡∏≤‡∏Å‡∏Ñ‡∏ß‡∏≤‡∏°‡πÅ‡∏Ç‡πá‡∏á‡πÅ‡∏£‡∏á‡∏ô‡πâ‡∏≠‡∏¢ ‡∏°‡∏±‡∏ô‡∏á‡πà‡∏≤‡∏¢‡∏ï‡πà‡∏≠‡∏Å‡∏≤‡∏£‡πÅ‡∏ï‡∏Å‡∏´‡∏±‡∏Å	neg
‡∏Ç‡∏ô‡∏™‡πà‡∏á‡∏Å‡πá‡∏ä‡πâ‡∏≤‡∏™‡∏¥‡∏ô‡∏Ñ‡πâ‡∏≤‡∏°‡∏µ‡∏ï‡∏≥‡∏´‡∏ô‡∏¥‡πÅ‡∏û‡πá‡∏Ñ‡∏™‡∏¥‡∏ô‡∏Ñ‡πâ‡∏≤‡πÑ‡∏°‡πà‡∏î‡∏µ‡∏°‡∏µ‡∏£‡∏≠‡∏¢‡∏ö‡∏∏‡∏ö	neg
‡∏™‡∏¥‡∏ô‡∏Ñ‡πâ‡∏≤‡πÄ‡∏´‡∏°‡∏∑‡∏≠‡∏ô‡∏Ç‡∏≠‡∏á‡∏õ‡∏•‡∏≠‡∏° ‡πÄ‡∏ô‡∏∑‡πà‡∏≠‡∏Ñ‡∏£‡∏µ‡∏°‡πÄ‡∏´‡∏°‡∏∑‡∏≠‡∏ô‡∏ã‡∏≠‡∏á 10 ‡∏ö‡∏≤‡∏ó ‡∏ö‡∏£‡∏£‡∏à‡∏∏‡∏†‡∏±‡∏ì‡∏ë‡πå‡πÄ‡∏´‡∏°‡∏∑‡∏≠‡∏ô‡∏Å‡πä‡∏≠‡∏õ‡∏°‡∏≤ ‡πÑ‡∏°‡πà‡πÄ‡∏´‡∏°‡∏∑‡∏≠‡∏ô‡∏Ç‡∏≠‡∏á‡∏à‡∏£‡∏¥‡∏á‡πÉ‡∏ô‡∏´‡πâ‡∏≤‡∏á‡πÄ‡∏•‡∏¢ ‡πÄ‡∏™‡∏µ‡∏¢‡∏î‡∏≤‡∏¢‡∏ï‡∏±‡∏á‡∏Ñ‡πå ‡∏ã‡∏∑‡πâ‡∏≠‡∏°‡∏≤‡∏ó‡∏¥‡πâ‡∏á	neg
‡∏£‡∏≤‡∏¢‡∏Å‡∏≤‡∏£‡πÑ‡∏°‡πà‡∏î‡∏µ ‡∏ó‡∏µ‡πà‡∏à‡∏±‡∏ö‡πÑ‡∏°‡πà‡∏î‡∏µ‡πÅ‡∏•‡∏∞‡∏™‡∏±‡πâ‡∏ô	neg