‡∏°‡∏∂‡∏á‡∏Å‡∏•‡πâ‡∏≤‡∏û‡∏π‡∏î‡∏£‡∏∂‡∏õ‡πà‡∏≤‡∏ß‡∏ß‡πà‡∏≤‡∏£‡∏∞‡∏ö‡∏ö‡∏Å‡∏≤‡∏£‡∏®‡∏∂‡∏Å‡∏©‡∏≤‡∏°‡∏±‡∏ô‡∏î‡∏µ‡∏≠‡πà‡∏∞ ‡∏ñ‡∏∏‡πâ‡∏¢‡πÄ‡∏ü‡∏™‡∏¢‡∏±‡∏á‡∏õ‡∏•‡∏≠‡∏°‡πÄ‡∏•‡∏¢‡∏™‡∏±‡∏™	neg
‡πÄ‡∏ö‡∏∑‡πà‡∏≠‡πÄ‡∏ß‡∏•‡∏≤‡∏°‡∏≤‡πÇ‡∏û‡∏™‡∏ï‡πÑ‡∏£‡πÅ‡∏ö‡∏ö‡∏ô‡∏µ‡πâ‡∏ä‡∏≠‡∏ö‡πÄ‡∏õ‡πá‡∏ô‡∏û‡∏ß‡∏Å‡∏ó‡∏µ‡πà‡πÉ‡∏ä‡πà‡πÇ‡∏õ‡∏£‡πÑ‡∏ü‡∏•‡πå‡∏≠‡∏∑‡πà‡∏ô‡∏ó‡∏µ‡πà‡πÑ‡∏°‡πà‡πÉ‡∏ä‡πà‡πÇ‡∏õ‡∏£‡πÑ‡∏ü‡∏•‡πå‡∏ï‡∏±‡∏ß‡πÄ‡∏≠‡∏á ‡πÄ‡∏™‡∏∑‡∏≠‡∏Å‡πÑ‡∏°‡πà‡∏•‡∏∂‡∏Å‡∏Ñ‡πà‡∏∞‡πÅ‡∏ö‡∏ö‡∏ô‡∏µ‡πâ ‡πÄ‡∏™‡∏µ‡∏¢‡∏à‡∏∏‡∏¢	neg
‡∏û‡πà‡∏≠‡∏°‡∏∂‡∏á‡πÄ‡∏õ‡πá‡∏ô‡∏ï‡∏¥‡πà‡∏á‡∏£‡∏±‡∏ê‡∏ö‡∏≤‡∏•‡∏´‡∏£‡∏≠‡∏™‡∏±‡∏™ ‡∏ó‡∏µ‡πà‡πÄ‡∏£‡∏µ‡∏¢‡∏Å‡πÄ‡∏Å‡πá‡∏ö‡∏ï‡∏±‡∏á‡πÅ‡∏û‡∏á‡∏°‡∏±‡∏ô‡∏à‡∏∞‡πÄ‡∏≠‡∏≤‡πÑ‡∏õ‡πÉ‡∏ä‡πâ‡πÑ‡∏õ‡πÅ‡∏î‡∏Å‡∏Å‡∏±‡∏ô‡πÄ‡∏≠‡∏á‡∏≠‡∏∞‡πÅ‡∏´‡∏•‡∏∞ ‡∏Ñ‡∏ß‡∏¢	neg
‡πÉ‡∏Ñ‡∏£‡∏Å‡πá‡∏ä‡πà‡∏ß‡∏¢‡∏•‡∏ö‡πÑ‡∏≠‡πâ‡∏ô‡∏µ‡πâ‡∏≠‡∏≠‡∏Å‡∏à‡∏≤‡∏Å‡∏Å‡∏•‡∏∏‡πà‡∏°‡∏´‡∏ô‡πà‡∏≠‡∏¢‡∏Ñ‡∏£‡∏±‡∏ö ‡∏°‡∏±‡∏ô‡∏°‡∏≤‡πÇ‡∏û‡∏™‡∏ï‡πå‡πÄ‡∏Å‡∏£‡∏µ‡∏¢‡∏ô‡∏Å‡∏ß‡∏ô‡∏™‡πâ‡∏ô‡∏ï‡∏µ‡∏ô ‡πÅ‡∏ô‡πà‡∏à‡∏£‡∏¥‡∏á‡∏°‡∏∂‡∏á‡∏Å‡∏•‡πâ‡∏≤‡πÄ‡∏≠‡∏≤‡πÄ‡∏ü‡∏™‡∏à‡∏£‡∏¥‡∏á‡∏°‡∏≤‡πÇ‡∏û‡∏™‡∏ï‡πå‡πÑ‡∏´‡∏°	neg
‡πÄ‡∏Ñ‡∏£‡∏µ‡∏¢‡∏î‡∏°‡∏≤‡∏Å‡∏≠‡∏∞‡∏ï‡∏≠‡∏ô‡∏ô‡∏µ‡πâ	neg
‡πÄ‡∏£‡∏≤‡πÄ‡∏Ç‡πâ‡∏≤‡πÉ‡∏à ‡πÄ‡∏£‡∏≤‡πÄ‡∏õ‡πá‡∏ô‡∏Å‡∏≥‡∏•‡∏±‡∏á‡πÉ‡∏à‡πÉ‡∏´‡πâ‡∏ô‡∏∞ ‡∏™‡∏π‡πâ‡πÜ	pos
‡∏ó‡πâ‡∏≠‡πÅ‡∏•‡πâ‡∏ß‡∏ô‡∏∞ ‡πÑ‡∏°‡πà‡πÑ‡∏´‡∏ß‡πÅ‡∏•‡πâ‡∏ß‡∏ô‡∏∞üò≠üò≠	neg
‡πÉ‡∏Ñ‡∏£‡∏¢‡∏±‡∏á‡πÑ‡∏°‡πà‡∏°‡∏µ‡∏ó‡∏µ‡πà‡πÄ‡∏£‡∏µ‡∏¢‡∏ô‡πÄ‡∏´‡∏°‡∏∑‡∏≠‡∏ô‡πÄ‡∏£‡∏≤‡∏ö‡πâ‡∏≤‡∏á #‡∏ô‡∏µ‡πà‡πÄ‡∏Ñ‡∏£‡∏µ‡∏¢‡∏î‡∏´‡∏ô‡∏±‡∏Å‡πÄ‡∏•‡∏¢‡∏¢ üò≠üò≠üò≠ #‡∏Ñ‡∏ô‡∏¢‡∏±‡∏á‡πÑ‡∏°‡πà‡∏°‡∏µ‡∏ó‡∏µ‡πà‡πÄ‡∏£‡∏µ‡∏¢‡∏ô	neg
‡∏´‡∏î‡∏´‡∏π‡πà‡∏à‡∏±‡∏á‡∏ó‡∏µ‡∏°‡∏¢‡∏±‡∏á‡πÑ‡∏°‡πà‡∏°‡∏µ‡∏ó‡∏µ‡πà‡πÄ‡∏£‡∏µ‡∏¢‡∏ô	neg
‡πÄ‡∏®‡∏£‡πâ‡∏≤‡πÄ‡∏•‡∏¢..‡∏™‡∏≠‡∏ö‡∏Å‡πá‡πÑ‡∏°‡πà‡∏°‡∏µ‡πÇ‡∏≠‡∏Å‡∏≤‡∏™‡πÅ‡∏Å‡πâ‡∏ï‡∏±‡∏ß‡πÅ‡∏•‡πâ‡∏ß‡∏£‡∏≠‡∏ö‡πÄ‡∏î‡∏µ‡∏¢‡∏ß ‡∏ï‡πâ‡∏≠‡∏á‡πÇ‡∏ó‡∏©‡∏ï‡∏±‡∏ß‡πÄ‡∏≠‡∏á‡∏ó‡∏µ‡πà‡∏ó‡∏≥‡∏≠‡∏≠‡∏Å‡∏°‡∏≤‡πÑ‡∏°‡πà‡∏î‡∏µ‡πÄ‡∏≠‡∏á	neg
‡∏ô‡∏µ‡πà‡πÄ‡∏™‡∏µ‡∏¢‡∏Å‡∏≥‡∏•‡∏±‡∏á‡πÉ‡∏à‡πÄ‡∏¢‡∏≠‡∏∞‡πÅ‡∏•‡πâ‡∏ß üò¢	neg
‡∏û‡∏µ‡πà‡πÄ‡∏õ‡πá‡∏ô‡∏Å‡∏≥‡∏•‡∏±‡∏á‡πÉ‡∏à‡πÉ‡∏´‡πâ‡∏Å‡∏±‡∏ö‡∏ó‡∏∏‡∏Å‡∏Ñ‡∏ô‡πÄ‡∏•‡∏¢ ‡∏™‡∏π‡πâ‡πÜ	pos
‡∏î‡∏µ‡πÉ‡∏à‡∏î‡πâ‡∏ß‡∏¢‡∏ó‡∏∏‡∏Å‡∏Ñ‡∏ô	pos
‡∏ä‡∏µ‡∏ß‡∏¥‡∏ï‡∏à‡∏∞‡∏™‡∏≥‡πÄ‡∏£‡πá‡∏à‡∏≠‡∏¢‡∏π‡πà‡∏ó‡∏µ‡πà‡∏Ñ‡∏ß‡∏≤‡∏°‡∏û‡∏¢‡∏≤‡∏¢‡∏≤‡∏° ‡πÄ‡∏Ç‡πâ‡∏°‡πÅ‡∏Ç‡πá‡∏á‡πÄ‡∏î‡∏¥‡∏ô‡∏ó‡∏≤‡∏á‡∏ó‡∏µ‡πà‡∏ñ‡∏π‡∏Å‡∏≠‡∏∞‡πÑ‡∏£‡∏Å‡πâ‡∏≠‡πÄ‡∏Å‡∏¥‡∏î‡∏Ç‡∏∂‡πâ‡∏ô‡πÑ‡∏î‡πâ ‡∏™‡∏π‡πâ‡πÜ‡∏ô‡∏∞‡∏Ñ‡∏∞	pos
‡∏Ç‡∏≠‡∏ö‡∏Ñ‡∏∏‡∏ì‡∏ó‡∏∏‡∏Å‡∏Å‡∏≥‡∏•‡∏±‡∏á‡πÉ‡∏à‡∏ô‡∏∞‡∏Ñ‡∏∞ ‡∏à‡∏∞‡∏û‡∏¢‡∏≤‡∏¢‡∏≤‡∏°‡∏ó‡∏≥‡∏õ‡∏±‡∏à‡∏à‡∏∏‡∏ö‡∏±‡∏ô‡πÉ‡∏´‡πâ‡∏î‡∏µ‡∏ó‡∏µ‡πà‡∏™‡∏∏‡∏î	pos
‡∏™‡∏π‡πâ‡πÜ‡∏ô‡∏∞‡πÄ‡∏ò‡∏≠‚úå	pos
‡∏™‡∏π‡πâ‡πÜ‡πÜ‡∏Ñ‡∏£‡∏±‡∏ö ‡∏¢‡∏±‡∏á‡∏°‡∏µ‡∏´‡∏ô‡∏ó‡∏≤‡∏á‡∏≠‡∏¢‡∏π‡πà‡∏Ñ‡∏£‡∏±‡∏ö ‡∏ú‡∏°‡πÄ‡∏õ‡πá‡∏ô‡∏Å‡∏≥‡∏•‡∏±‡∏á‡πÉ‡∏à‡πÉ‡∏´‡πâ	pos
‡∏™‡∏π‡πâ‡πÜ ‡∏Å‡∏∞‡∏≠‡∏µ ‡∏≠‡∏¢‡πà‡∏≤‡∏ó‡πâ‡∏≠ ‡πÄ‡∏£‡∏≤‡∏ï‡πâ‡∏≠‡∏á‡πÄ‡∏î‡∏¥‡∏ô‡∏Ç‡πâ‡∏≤‡∏á‡∏´‡∏ô‡πâ‡∏≤‡∏ï‡πà‡∏≠‡πÑ‡∏õ ‚úå	pos
‡πÄ‡∏£‡∏µ‡∏¢‡∏ô‡∏™‡∏¥‡πà‡∏á‡∏ó‡∏µ‡πà‡πÄ‡∏£‡∏≤‡∏£‡∏±‡∏Å ‡πÄ‡∏£‡∏≤‡∏ä‡∏≠‡∏ö‡πÄ‡∏û‡∏£‡∏≤‡∏∞‡πÄ‡∏£‡∏≤‡∏à‡∏∞‡∏ó‡∏≥‡πÑ‡∏î‡πâ‡∏î‡∏µ ‡∏°‡∏µ‡∏Ñ‡∏ß‡∏≤‡∏°‡∏™‡∏∏‡∏Ç	pos
‡∏™‡∏π‡πâ‡πÜ ‡∏ô‡∏∞ ‡∏ä‡∏µ‡∏ß‡∏¥‡∏ï‡∏Ñ‡∏∑‡∏≠‡∏Å‡∏≤‡∏£‡∏ï‡πà‡∏≠‡∏™‡∏π‡πâ üòä‚úå	pos
‡πÄ‡∏ß‡πá‡∏ö‡∏•‡πà‡∏° ‡∏•‡πà‡∏°‡πÄ‡∏´‡∏°‡∏∑‡∏≠‡∏ô‡∏≠‡∏ô‡∏≤‡∏Ñ‡∏ï5555	neg
‡∏´‡∏±‡∏ß‡∏£‡πâ‡∏≠‡∏ô‡πÅ‡∏•‡πâ‡∏ß‡∏ï‡∏≠‡∏ô‡∏ô‡∏µ‡πâ	neg
‡πÄ‡∏¢‡∏™‡πÄ‡πÄ‡∏°‡πà‡πÑ‡∏≠‡πâ‡πÄ‡∏õ‡∏£‡∏ï‡∏°‡∏≤‡∏ï‡πà‡∏≠‡∏¢‡∏Å‡∏±‡∏ö‡∏Å‡∏π‡∏ó‡∏µ‡πà‡∏°‡∏≤‡∏≤‡∏´‡∏±‡∏ß‡∏î‡∏≠‡∏°‡∏∂‡∏á‡πÑ‡∏î‡πâ‡πÄ‡πÄ‡∏£‡πâ‡∏ß‡πÄ‡πÄ‡∏•‡∏∞‡∏ó‡∏µ‡πà‡∏°‡∏∂‡∏á‡πÄ‡πÄ‡∏´‡∏•‡∏á‡πÑ‡∏î‡πâ‡∏á‡∏±‡∏ô	neg
‡∏ï‡∏£‡∏£‡∏Å‡∏∞‡∏õ‡πà‡∏ß‡∏¢‡∏à‡∏±‡∏á‡∏°‡∏∂‡∏á‡∏ß‡πà‡∏≤‡∏õ‡πà‡∏∞!	neg
‡∏£‡∏∞‡∏ö‡∏ö‡πÄ‡∏ô‡πà‡∏≤ ‡∏ó‡∏õ‡∏≠. ‡πÑ‡∏°‡πà‡πÅ‡∏Å‡πâ‡πÑ‡∏Ç‡∏™‡∏±‡∏Å‡∏ó‡∏µ ‡πÄ‡∏´‡πâ‡∏≠‡∏≠	neg
‡πÄ‡∏£‡∏∑‡πà‡∏≠‡∏á‡∏ó‡∏µ‡πà‡∏ô‡πà‡∏≤‡∏î‡∏µ‡πÉ‡∏à‡∏Å‡∏ß‡πà‡∏≤‡∏Å‡∏≤‡∏£‡∏™‡∏≠‡∏ö‡∏ï‡∏¥‡∏î ‡∏Ñ‡∏∑‡∏≠‡∏Å‡∏≤‡∏£‡πÑ‡∏î‡πâ‡∏Ñ‡πâ‡∏ô‡∏û‡∏ö‡∏ï‡∏±‡∏ß‡πÄ‡∏≠‡∏á	pos
‡∏Å‡∏•‡∏±‡∏ö‡∏°‡∏≤‡∏à‡∏≤‡∏Å‡∏ô‡∏Ñ‡∏£ ‡∏Å‡πá‡πÑ‡∏õ‡∏´‡∏≤‡πÄ‡∏à‡πâ‡πÄ‡∏•‡∏¢‡∏¢‡∏¢ ‡∏î‡∏µ‡πÉ‡∏à‡∏ó‡∏µ‡πà‡πÑ‡∏î‡πâ‡πÄ‡∏à‡∏≠‡∏ô‡∏∞‡∏Ñ‡πâ‡∏≤‡∏≤‡∏≤ ‡∏´‡∏ô‡∏π‡∏™‡∏≠‡∏ö‡∏ï‡∏¥‡∏î‡πÅ‡∏•‡πâ‡∏ß‡πÑ‡∏ß‡πâ‡πÑ‡∏õ‡∏ï‡∏≤‡∏°‡∏ö‡πà‡∏≠‡∏¢‡πÜ üíïüíï // ‡∏Å‡∏≠‡∏î üòö	pos
‡∏ó‡∏≥‡πÑ‡∏î‡πâ‡πÜ‡πÜ‡πÜ ‡πÄ‡∏¢‡πâ‡πÜ 	pos
‡∏ï‡∏¥‡∏î‡πÄ‡πÄ‡∏•‡πâ‡∏ß‡∏ß‡∏ß‡∏ß‡∏ß‡∏ß‡∏ß‡∏ß‡∏ß‡∏ß‡∏ß‡∏ß‡∏ß	pos
‡∏¢‡∏¥‡∏ô‡∏î‡∏µ‡πÅ‡∏•‡∏∞‡∏î‡∏µ‡πÉ‡∏à‡∏î‡πâ‡∏ß‡∏¢‡∏Ñ‡πà‡∏∞‡∏Å‡∏±‡∏ö‡πÄ‡∏û‡∏∑‡πà‡∏≠‡∏ô‡πÜ‡∏ó‡∏∏‡∏Å‡∏Ñ‡∏ô‡πÄ‡∏•‡∏¢ 	pos
‡∏™‡∏π‡πâ‡πÜ‡∏ô‡∏∞‡∏Ñ‡∏£‡∏±‡∏ä‡∏ä‡∏ä‡∏ä ‡∏Ç‡∏≠‡πÉ‡∏´‡πâ‡∏ï‡∏¥‡∏î‡∏Ñ‡∏ì‡∏∞‡πÅ‡∏•‡∏∞‡∏°‡∏´‡∏≤‡∏•‡∏±‡∏¢‡∏ó‡∏µ‡πà‡∏≠‡∏¢‡∏≤‡∏Å‡πÄ‡∏Ç‡πâ‡∏≤‡πÄ‡∏î‡πâ‡∏≠	pos
‡πÑ‡∏°‡πà‡πÄ‡∏Ñ‡∏¢‡∏£‡∏π‡πâ‡∏™‡∏∂‡∏Å ‡∏´‡∏î‡∏´‡∏π‡πà ‡∏Ç‡∏ô‡∏≤‡∏î‡∏ô‡∏µ‡πâ‡πÄ‡∏•‡∏¢‡∏Ñ‡πà‡∏∞
‡∏ñ‡πâ‡∏≤‡πÑ‡∏°‡πà‡πÑ‡∏î‡πâ‡∏£‡∏≠‡∏ö‡πÅ‡∏£‡∏Å‡∏ô‡∏µ‡πà‡πÅ‡∏£‡∏á‡∏Å‡∏î‡∏î‡∏±‡∏ô‡∏à‡∏≤‡∏Å‡∏Ñ‡∏ô‡∏£‡∏≠‡∏ö‡∏Ç‡πâ‡∏≤‡∏á‡πÄ‡∏¢‡∏≠‡∏∞‡∏°‡∏≤‡∏Å‡πÜ ‡πÑ‡∏°‡πà‡∏£‡∏π‡πâ‡πÄ‡∏õ‡πá‡∏ô‡∏´‡πà‡∏≤‡πÑ‡∏£ ‡∏≠‡∏¢‡πà‡∏≤‡∏°‡∏≤‡∏¢‡∏∏‡πà‡∏á‡∏Å‡∏±‡∏ö‡∏Å‡∏π‡πÄ‡∏•‡∏¢‡∏Ñ‡πà‡∏∞ ‡∏Ñ‡∏ß‡∏≤‡∏°‡∏£‡∏π‡πâ‡∏™‡∏∂‡∏Å‡πÄ‡∏´‡∏°‡∏∑‡∏≠‡∏ô‡∏´‡∏ô‡∏π‡∏ó‡∏î‡∏•‡∏≠‡∏á‡∏ó‡∏µ‡πà‡∏Å‡∏≥‡∏•‡∏±‡∏á‡πÇ‡∏î‡∏ô‡∏¢‡∏≤‡∏û‡∏¥‡∏©‡πÅ‡∏•‡πâ‡∏ß‡∏Å‡∏≥‡∏•‡∏±‡∏á‡∏à‡∏∞‡∏ï‡∏≤‡∏¢‡πÉ‡∏ô‡∏≠‡∏µ‡∏Å3‡∏ß‡∏±‡∏ô7‡∏ß‡∏±‡∏ô ‡∏≠‡∏µ‡∏´‡πà‡∏≤‡∏Å‡∏π‡πÄ‡∏´‡∏ô‡∏∑‡πà‡∏≠‡∏¢ ‡∏Å‡∏π‡∏ó‡πâ‡∏≠	neg
‡πÑ‡∏°‡πà‡∏≠‡∏¢‡∏≤‡∏Å‡∏à‡∏∞‡πÄ‡∏Ñ‡∏£‡∏µ‡∏¢‡∏î‡∏ô‡∏∞‡πÅ‡∏ï‡πà‡πÅ‡∏ö‡∏ö‡∏û‡∏≠‡∏°‡∏±‡∏ô‡∏ô‡∏∂‡∏Å‡∏ñ‡∏∂‡∏á‡∏Å‡πá‡∏Å‡∏•‡∏±‡∏ß‡∏≠‡πà‡∏∞ ‡∏Å‡∏•‡∏±‡∏ß‡∏Ñ‡∏ß‡∏≤‡∏°‡∏ú‡∏¥‡∏î‡∏´‡∏ß‡∏±‡∏á‡∏°‡∏≤‡∏Å‡πÜ ‡∏¢‡∏¥‡πà‡∏á‡πÉ‡∏Å‡∏•‡πâ‡∏ß‡∏±‡∏ô‡∏¢‡∏¥‡πà‡∏á‡∏Å‡∏î‡∏î‡∏±‡∏ô ‡∏Ç‡∏≠‡πÉ‡∏´‡πâ‡∏ï‡∏¥‡∏î‡πÄ‡∏ñ‡∏≠‡∏∞‡∏Ç‡∏≠‡∏£‡πâ‡∏≠‡∏á üò≠	neg
‡πÑ‡∏°‡πà‡∏°‡∏µ‡∏≠‡∏∞‡πÑ‡∏£‡πÑ‡∏î‡πâ‡∏°‡∏≤‡∏á‡πà‡∏≤‡∏¢‡πÜ ‡∏°‡∏´‡∏≤‡∏ß‡∏¥‡∏ó‡∏¢‡∏≤‡∏•‡∏±‡∏¢‡∏Å‡πá‡πÄ‡∏´‡∏°‡∏∑‡∏≠‡∏ô‡∏Å‡∏±‡∏ô ‡∏™‡∏π‡πâ‡∏™‡∏π‡πâ	pos
‡πÑ‡∏°‡πà‡∏ï‡∏¥‡∏î‡∏à‡∏£‡∏¥‡∏á‡πÜ‡πÄ‡∏´‡∏£‡∏≠‡∏ß‡∏∞... ‡πÉ‡∏à‡πÄ‡∏™‡∏µ‡∏¢‡πÑ‡∏õ‡πÅ‡∏•‡πâ‡∏ß ‡πÅ‡∏ï‡πà‡∏ñ‡∏≤‡∏°‡∏ß‡πà‡∏≤‡∏¢‡∏±‡∏á‡∏£‡∏≠‡∏õ‡∏£‡∏∞‡∏Å‡∏≤‡∏®‡πÑ‡∏´‡∏°‡∏ô‡∏µ‡πà‡∏Å‡πá‡∏¢‡∏±‡∏á‡∏£‡∏≠‡∏≠‡πà‡∏∞ 	neg
‡πÑ‡∏î‡πâ‡πÄ‡∏õ‡πá‡∏ô‡∏•‡∏π‡∏Å‡∏ä‡πâ‡∏≤‡∏á‡πÅ‡∏•‡πâ‡∏ß‡πÇ‡∏ß‡πâ‡∏¢‡∏¢‡∏¢‡∏¢ ‡∏ï‡∏¥‡∏î‡πÅ‡∏•‡πâ‡∏ß ‡∏î‡∏µ‡πÉ‡∏à‡∏°‡∏≤‡∏Å üíïüíïüíïüíïüíïüòçüòç	pos
‡πÉ‡∏Ñ‡∏£‡∏à‡πà‡∏≤‡∏¢‡πÄ‡∏á‡∏¥‡∏ô‡πÅ‡∏•‡πâ‡∏ß‡∏Å‡∏•‡∏±‡∏ö‡∏°‡∏≤‡∏•‡∏±‡∏á‡πÄ‡∏•‡πÅ‡∏ö‡∏ö‡πÄ‡∏£‡∏≤‡∏≠‡πà‡∏∞ ‡∏Æ‡∏∑‡∏≠‡∏≠‡∏≠ ‡πÄ‡∏Ñ‡∏£‡∏µ‡∏¢‡∏î ‡∏Å‡∏•‡∏±‡∏ß‡∏´‡∏•‡∏∏‡∏î ‡∏à‡∏∞‡πÄ‡∏õ‡πá‡∏ô‡∏ö‡πâ‡∏≤‡πÅ‡∏•‡πâ‡∏ß‡∏ó‡∏∏‡∏Å‡∏ß‡∏±‡∏ô‡∏ô‡∏µ‡πâ ‡∏Æ‡∏∑‡∏≠‡∏≠‡∏≠‡∏≠‡∏≠ üò≠üò≠üò≠	neg
‡πÇ‡∏°‡πÇ‡∏´‡∏ô‡∏≤‡∏¢‡∏Å‡∏≠‡πà‡∏∞ ‡∏≠‡∏µ‡πÄ‡∏´‡∏µ‡πâ‡∏¢‡∏¢‡∏¢‡∏¢‡∏¢ ‡πÇ‡∏°‡πÇ‡∏´‡∏´‡∏´‡∏´ ‡πÑ‡∏°‡πà‡πÄ‡∏•‡∏∑‡∏≠‡∏Å‡∏á‡∏≤‡∏ô..‡πÑ‡∏°‡πà‡∏¢‡∏≤‡∏Å‡∏à‡∏ô ‡∏û‡πà‡∏≠‡∏á‡∏°‡∏∂‡∏á‡∏î‡∏¥ ‡πÄ‡∏®‡∏£‡∏©‡∏ê‡∏Å‡∏¥‡∏à‡∏ä‡∏¥‡∏ö‡∏´‡∏≤‡∏¢‡∏ß‡∏≤‡∏¢‡∏ß‡∏≠‡∏î‡πÅ‡∏ö‡∏ö‡∏ô‡∏µ‡πâ ‡∏à‡∏∞‡πÉ‡∏´‡πâ‡∏ó‡∏≥‡∏á‡∏≤‡∏ô‡∏≠‡∏∞‡πÑ‡∏£‡∏Å‡πá‡πÑ‡∏î‡πâ‡∏á‡∏±‡πâ‡∏ô‡∏´‡∏£‡∏≠ ‡πÇ‡∏°‡πÇ‡∏´‡πÜ‡πÜ‡πÜ ‡∏≠‡∏¢‡πà‡∏≤‡∏î‡∏µ‡πÅ‡∏ï‡πà‡∏û‡∏π‡∏î‡∏•‡∏°‡∏õ‡∏≤‡∏Å‡πÄ‡∏´‡∏≠‡∏∞ ‡∏ñ‡πâ‡∏≤‡∏£‡∏∞‡∏ö‡∏öTCAS‡∏î‡∏µ‡∏ô‡∏±‡∏Å ‡∏£‡∏∏‡πà‡∏ô‡πÄ‡∏£‡∏≤‡πÑ‡∏°‡πà‡πÄ‡∏õ‡πá‡∏ô‡πÅ‡∏ö‡∏ö‡∏ô‡∏µ‡πâ‡∏´‡∏£‡∏≠‡∏Å ‡∏°‡∏≠‡∏á‡πÇ‡∏•‡∏Å‡∏Ñ‡∏ß‡∏≤‡∏°‡πÄ‡∏õ‡πá‡∏ô‡∏à‡∏£‡∏¥‡∏á‡∏î‡πâ‡∏ß‡∏¢ ‡∏ù‡∏≤‡∏Å‡∏ö‡∏≠‡∏Å‡∏ó‡∏õ‡∏≠.‡∏î‡πâ‡∏ß‡∏¢‡πÑ‡∏°‡πà‡πÉ‡∏ä‡πà‡∏´‡∏≤‡∏Å‡∏¥‡∏ô‡∏Å‡∏±‡∏ö‡πÄ‡∏î‡πá‡∏Å‡πÄ‡∏Å‡πà‡∏á‡∏à‡πâ‡∏≤ ‡∏£‡∏≠‡∏ö‡∏•‡πà‡∏∞‡∏Ñ‡∏ô‡∏•‡∏∞100 ‡πÄ‡∏´‡∏≠‡∏∞‡πÜ	neg
‡πÇ‡∏ó‡∏©‡∏ï‡∏±‡∏ß‡πÄ‡∏≠‡∏á‡∏•‡πâ‡∏ß‡∏ô‡πÜ ‡∏Ñ‡∏∑‡∏≠‡∏Ñ‡∏ß‡∏≤‡∏°‡∏™‡∏∞‡πÄ‡∏û‡∏£‡πà‡∏≤‡∏Ç‡∏≠‡∏á‡∏ï‡∏±‡∏ß‡πÄ‡∏≠‡∏á‡πÇ‡∏î‡∏ô‡πÅ‡∏ó‡πâ‡∏à‡∏£‡∏¥‡∏á ‡∏î‡∏π‡∏ß‡∏±‡∏ô‡πÅ‡∏•‡∏∞‡πÄ‡∏ß‡∏•‡∏≤‡∏ú‡∏¥‡∏î ‡∏°‡∏±‡πà‡∏ß‡πÅ‡∏ï‡πà‡∏î‡∏µ‡πÉ‡∏à‡πÄ‡∏Å‡∏¥‡∏ô‡πÄ‡∏´‡∏ï‡∏∏‡πÅ‡∏•‡πâ‡∏ß‡πÄ‡∏õ‡πá‡∏ô‡πÑ‡∏á‡∏•‡∏∞‡∏≠‡∏µ‡∏´‡∏≠‡∏¢ ‡πÇ‡∏î‡∏ô‡∏™‡∏•‡∏∞‡∏™‡∏¥‡∏ó‡∏ò‡∏¥‡πå‡πÑ‡∏á ‡∏Ñ‡∏∑‡∏≠‡πÄ‡∏à‡πá‡∏ö‡∏à‡∏ô‡∏û‡∏π‡∏î‡πÑ‡∏°‡πà‡∏≠‡∏≠‡∏Å ‡∏™‡∏π‡πâ‡πÉ‡∏´‡∏°‡πà‡∏£‡∏≠‡∏ö5‡πÄ‡∏•‡∏¢‡∏à‡∏£‡πâ‡∏≤	neg
‡πÇ‡∏Ñ‡∏ï‡∏£‡∏™‡∏á‡∏™‡∏≤‡∏£‡∏ï‡∏±‡∏ß‡πÄ‡∏≠‡∏á‡∏Å‡∏±‡∏ö‡∏Ñ‡∏ô‡πÉ‡∏ô‡∏£‡∏∏‡πà‡∏ô ‡∏ó‡∏µ‡πà‡πÄ‡∏Å‡∏¥‡∏î‡∏°‡∏≤‡πÄ‡∏õ‡πá‡∏ô ‡πÄ‡∏î‡πá‡∏Å 61 ‡∏¢‡∏±‡∏á‡πÑ‡∏°‡πà‡πÑ‡∏î‡πâ‡πÄ‡∏£‡∏µ‡∏¢‡∏ô‡πÄ‡∏•‡∏¢‡πÄ‡∏Ñ‡∏£‡∏µ‡∏¢‡∏î‡∏ä‡∏¥‡∏õ‡∏´‡∏≤‡∏¢ ‡∏û‡πà‡∏≠‡πÅ‡∏°‡πà‡∏Å‡πá‡∏´‡∏ß‡∏±‡∏á‡∏î‡πâ‡∏ß‡∏¢ ‡∏™‡∏á‡∏™‡∏≤‡∏£‡∏û‡πà‡∏≠‡πÅ‡∏°‡πà	neg
‡πÇ‡∏Ñ‡∏ï‡∏£‡∏ó‡πâ‡∏≠ ‡∏£‡∏≠‡πÇ‡∏Ñ‡∏ï‡∏£‡∏ô‡∏≤‡∏ô ‡∏û‡∏≠‡πÑ‡∏°‡πà‡∏ï‡∏¥‡∏î‡∏Å‡πá‡∏£‡∏≠‡∏≠‡∏µ‡∏Å ‡∏°‡∏µ‡πÅ‡∏ï‡πà‡∏£‡∏≠ ‡∏£‡∏≠‡∏à‡∏ô‡∏ó‡πâ‡∏≠‡∏ä‡∏¥‡∏ö‡∏´‡∏≤‡∏¢‡πÑ‡∏õ‡∏´‡∏°‡∏î‡∏•‡∏∞ ‡πÅ‡∏•‡πâ‡∏ß‡πÄ‡∏£‡∏∑‡πà‡∏≠‡∏á‡∏ó‡∏µ‡πà‡πÑ‡∏°‡πà‡∏≠‡∏¢‡∏≤‡∏Å‡∏Ñ‡∏∏‡∏¢‡∏ó‡∏µ‡πà‡∏™‡∏∏‡∏î‡∏¢‡∏¥‡πà‡∏á‡∏Å‡∏ß‡πà‡∏≤‡πÄ‡∏£‡∏∑‡πà‡∏≠‡∏á‡∏ô‡πâ‡∏≥‡∏´‡∏ô‡∏±‡∏Å‡∏Å‡πá‡πÄ‡∏£‡∏∑‡πà‡∏≠‡∏á‡∏ó‡∏µ‡πà‡πÄ‡∏£‡∏µ‡∏¢‡∏ô‡πÄ‡∏ô‡∏µ‡πà‡∏¢‡πÅ‡∏´‡∏•‡∏∞‡πÇ‡∏ß‡πâ‡∏¢‡∏¢‡∏¢ ‡πÑ‡∏°‡πà‡∏ï‡πâ‡∏≠‡∏á‡∏û‡∏π‡∏î‡∏ñ‡∏∂‡∏á‡πÑ‡∏î‡πâ‡∏°‡∏±‡πâ‡∏¢‡∏ó‡∏±‡πâ‡∏á‡πÄ‡∏û‡∏∑‡πà‡∏≠‡∏ô‡∏û‡πà‡∏≠‡πÅ‡∏°‡πà‡∏û‡∏µ‡πà‡∏ô‡πâ‡∏≠‡∏á ‡πÑ‡∏°‡πà‡∏≠‡∏¢‡∏≤‡∏Å‡∏Ñ‡∏∏‡∏¢!! ‡∏ó‡πâ‡∏≠ ‡∏£‡πâ‡∏≠‡∏á‡πÑ‡∏´‡πâ	neg
‡πÄ‡∏´‡πá‡∏ô‡∏ô‡πâ‡∏≠‡∏á‡πÑ‡∏õ‡πÇ‡∏£‡∏á‡πÄ‡∏£‡∏µ‡∏¢‡∏ô‡∏Å‡∏±‡∏ô‡πÅ‡∏•‡πâ‡∏ß‡∏à‡∏¥‡∏ï‡πÉ‡∏à‡∏´‡∏î‡∏´‡∏π‡πà‡∏°‡∏≤‡∏Å‡∏≠‡∏µ‡πÄ‡∏ß‡∏£ ‡πÑ‡∏°‡πà‡∏™‡∏≤‡∏°‡∏≤‡∏£‡∏ñ‡∏´‡∏±‡∏ô‡πÑ‡∏õ‡∏Ñ‡∏∏‡∏¢‡∏Å‡∏±‡∏ö‡πÉ‡∏Ñ‡∏£‡πÑ‡∏î‡πâ‡πÄ‡∏•‡∏¢	neg
‡πÄ‡∏´‡∏ô‡∏∑‡πà‡∏≠‡∏¢‡∏ß‡πà‡∏∞‡πÄ‡∏•‡∏∑‡∏≠‡∏Å‡πÄ‡∏£‡∏µ‡∏¢‡∏ô‡πÄ‡∏≠‡∏Å‡∏ä‡∏ô‡∏Å‡πá‡∏ï‡πâ‡∏≠‡∏á‡∏°‡∏≤‡∏ô‡∏±‡πà‡∏á‡∏≠‡∏ò‡∏¥‡∏ö‡∏≤‡∏¢‡∏ä‡∏≤‡∏ß‡∏ö‡πâ‡∏≤‡∏ô‡∏ó‡∏µ‡πà‡∏Ñ‡∏≠‡∏¢‡∏´‡πà‡∏ß‡∏á‡πÉ‡∏¢‡∏≠‡∏µ‡∏Å‡∏ß‡πà‡∏≤‡∏ó‡∏≥‡πÑ‡∏°‡∏ñ‡∏∂‡∏á‡πÄ‡∏£‡∏µ‡∏¢‡∏ô ‡∏≠‡∏¥‡πÄ‡∏ß‡∏á‡∏ï‡∏±‡∏á‡∏Å‡πá‡∏ï‡∏±‡∏á‡πÅ‡∏°‡πà‡∏Å‡∏π‡∏õ‡∏∞‡∏ß‡∏∞ ‡πÄ‡∏õ‡πá‡∏ô‡∏´‡πà‡∏ß‡∏á‡∏Å‡∏π‡∏à‡∏£‡∏¥‡∏á‡∏à‡∏£‡∏µ‡∏á‡∏á‡∏á‡∏á‡∏á‡∏á‡∏á‡∏á‡∏á ‡πÄ‡∏≠‡∏≠‡∏Å‡∏π‡πÇ‡∏á‡πà ‡∏Å‡∏π‡∏Ñ‡∏∞‡πÅ‡∏ô‡∏ô‡πÑ‡∏°‡πà‡∏ñ‡∏∂‡∏á ‡∏Å‡∏π‡∏Ç‡∏µ‡πâ‡πÄ‡∏Å‡∏µ‡∏¢‡∏à‡∏£‡∏≠‡πÅ‡∏•‡πâ‡∏ß ‡∏Å‡∏π‡πÄ‡∏ö‡∏∑‡πà‡∏≠‡∏£‡∏∞‡∏ö‡∏ö‡∏ó‡∏µ‡πÅ‡∏Ñ‡∏™ ‡∏Å‡∏π‡πÄ‡∏ö‡∏∑‡πà‡∏≠‡∏°‡∏∂‡∏á‡∏î‡πâ‡∏ß‡∏¢ ‡∏¢‡∏π‡πÇ‡∏ô‡∏ß‡∏ß‡∏ß 	neg
‡πÄ‡∏´‡∏ô‡∏∑‡πà‡∏≠‡∏¢‡∏à‡∏∞‡∏£‡∏≠‡πÅ‡∏•‡πâ‡∏ß‡∏ô‡∏∞‡∏à‡∏¥‡∏á‡πÜ ‡πÄ‡∏´‡∏°‡∏∑‡∏≠‡∏ô‡πÄ‡∏≠‡∏≤‡πÄ‡∏ß‡∏•‡∏≤‡∏°‡∏≤‡∏ô‡∏±‡πà‡∏á‡∏°‡∏≠‡∏á‡πÄ‡∏•‡πà‡∏ô‡πÜ‡πÄ‡∏•‡∏¢ ‡∏Å‡∏π‡πÇ‡∏á‡πà‡πÑ‡∏°‡πà‡∏û‡∏≠ ‡∏Å‡∏π‡∏ï‡πâ‡∏≠‡∏á‡∏°‡∏≤‡πÄ‡∏î‡∏≤‡∏≠‡∏µ‡∏Å‡∏´‡∏£‡∏≠‡∏ß‡πà‡∏≤‡∏à‡∏∞‡πÄ‡∏•‡∏∑‡πà‡∏≠‡∏ô‡∏ß‡∏±‡∏ô‡πÑ‡∏õ‡πÄ‡∏°‡∏∑‡πà‡∏≠‡πÑ‡∏´‡∏£‡πà‡∏≠‡∏µ‡∏Å	neg
‡πÄ‡∏™‡∏µ‡∏¢‡πÄ‡∏ß‡∏•‡∏≤‡∏ä‡∏µ‡∏ß‡∏¥‡∏ï‡∏°‡∏≤‡∏Å‡πÄ‡∏•‡∏¢‡∏Ñ‡πà‡∏∞ ‡∏´‡∏ô‡πà‡∏ß‡∏¢‡∏á‡∏≤‡∏ô‡∏à‡∏∞‡∏ó‡∏£‡∏≤‡∏ö‡∏ö‡πâ‡∏≤‡∏á‡∏°‡∏±‡πâ‡∏¢‡∏Ñ‡∏∞‡∏ß‡πà‡∏≤‡∏£‡∏∞‡∏ö‡∏ö‡∏°‡∏±‡∏ô‡∏´‡πà‡∏ß‡∏¢‡∏°‡∏≤‡∏Å	neg
‡πÄ‡∏™‡∏µ‡∏¢‡πÄ‡∏ß‡∏•‡∏≤‡∏Å‡∏π‡∏°‡∏≤‡∏™‡∏≠‡∏á‡∏ß‡∏±‡∏ô‡πÄ‡∏ï‡πá‡∏°‡πÜ‡πÅ‡∏ï‡πà‡πÄ‡∏û‡∏∑‡πà‡∏≠‡∏≠‡∏ô‡∏≤‡∏Ñ‡∏ï‡∏Å‡∏π‡∏≠‡πà‡∏∞ ‡∏Å‡∏π‡∏ï‡πâ‡∏≠‡∏á‡∏¢‡∏≠‡∏°‡∏°‡∏°‡∏°‡∏°üò≠üò≠üò≠üò≠ 	neg
‡πÄ‡∏™‡∏µ‡∏¢‡πÄ‡∏á‡∏¥‡∏ô‡∏Å‡πá‡πÄ‡∏¢‡∏≠‡∏∞‡∏£‡∏∞‡∏ö‡∏ö‡∏™‡∏°‡∏±‡∏Ñ‡∏£‡∏Å‡πá‡πÅ‡∏¢‡πà ‡∏ô‡∏µ‡πà‡πÄ‡∏´‡∏£‡∏≠‡∏Å‡∏≤‡∏£‡∏®‡∏∂‡∏Å‡∏©‡∏≤‡∏Ç‡∏≠‡∏á‡∏ä‡∏≤‡∏ï‡∏¥	neg
‡πÄ‡∏ß‡∏£‡∏Å‡∏£‡∏£‡∏°‡∏≠‡∏∞‡πÑ‡∏£‡∏Ç‡∏≠‡∏á‡πÄ‡∏£‡∏≤ üòåüò•üò≠üòèüò©üòí	neg
‡πÄ‡∏•‡∏∑‡πà‡∏≠‡∏ô‡∏õ‡∏£‡∏∞‡∏Å‡∏≤‡∏®‡∏ú‡∏•‡πÑ‡∏õ‡∏Ç‡∏ô‡∏≤‡∏î‡∏ô‡∏µ‡πâ‡∏£‡∏≠‡∏ö4‡∏õ‡∏£‡∏∞‡∏Å‡∏≤‡∏®(19‡∏Å‡∏Ñ.) ‡∏ã‡∏∂‡πà‡∏á‡∏Ñ‡∏≤‡∏î‡∏ß‡πà‡∏≤‡∏ñ‡∏∂‡∏á‡∏ï‡∏≠‡∏ô‡∏ô‡∏±‡πâ‡∏ô‡∏ô‡πà‡∏≤‡∏à‡∏∞‡∏•‡πà‡∏°‡∏≠‡∏µ‡∏Å ‡∏•‡∏∞‡πÄ‡∏õ‡∏¥‡∏î‡πÄ‡∏ó‡∏≠‡∏°‡∏™‡∏¥‡∏á‡∏´‡∏≤ ‡∏à‡∏∞‡πÉ‡∏´‡πâ‡πÄ‡∏î‡πá‡∏Å‡πÄ‡∏≠‡∏≤‡πÄ‡∏ß‡∏•‡∏≤‡πÑ‡∏´‡∏ô‡πÄ‡∏ï‡∏£‡∏µ‡∏¢‡∏°‡∏ï‡∏±‡∏ß‡πÄ‡∏Ç‡πâ‡∏≤‡∏°. ‡πÑ‡∏´‡∏ô‡∏à‡∏∞‡πÄ‡∏£‡∏∑‡πà‡∏≠‡∏á‡∏´‡∏≤‡∏´‡∏≠ ‡∏à‡∏≠‡∏á‡∏´‡∏≠ ‡∏Ç‡∏∂‡πâ‡∏ô‡∏ó‡∏∞‡πÄ‡∏ö‡∏µ‡∏¢‡∏ô‡∏ô‡∏±‡∏Å‡∏®‡∏∂‡∏Å‡∏©‡∏≤ ‡∏£‡∏∞‡∏ö‡∏ö‡∏´‡πà‡∏ß‡∏¢‡πÅ‡∏ï‡πà‡∏Ñ‡∏ß‡∏≤‡∏°‡∏ã‡∏ß‡∏¢‡∏≠‡∏¢‡∏π‡πà‡∏ó‡∏µ‡πà‡∏ô‡∏±‡∏Å‡πÄ‡∏£‡∏µ‡∏¢‡∏ô ‡πÄ‡∏•‡∏∑‡πà‡∏≠‡∏ô‡∏Å‡∏≥‡∏´‡∏ô‡∏î‡∏Å‡∏≤‡∏£‡∏ó‡∏∏‡∏Å‡∏≠‡∏¢‡πà‡∏≤‡∏á‡πÅ‡∏•‡πâ‡∏ß‡πÄ‡∏•‡∏∑‡πà‡∏≠‡∏ô‡πÄ‡∏õ‡∏¥‡∏î‡πÄ‡∏ó‡∏≠‡∏°‡∏î‡πâ‡∏ß‡∏¢‡πÄ‡∏•‡∏¢‡∏î‡∏¥... 	neg
‡πÄ‡∏£‡∏µ‡∏¢‡∏ô‡πÄ‡∏≠‡∏Å‡∏ä‡∏ô‡∏´‡∏£‡∏≠‡∏ó‡∏≥‡πÑ‡∏°‡πÇ‡∏á‡πà‡∏à‡∏±‡∏á? ‡πÇ‡∏á‡πà‡πÄ‡∏´‡∏µ‡πâ‡∏¢‡∏≠‡∏∞‡πÑ‡∏£‡∏ö‡πâ‡∏≤‡∏ô‡∏Å‡∏π‡∏°‡∏µ‡∏ï‡∏±‡∏á‡πÑ‡∏≠‡∏™‡∏±‡∏î How to ‡∏ï‡∏≠‡∏ö‡∏Å‡∏•‡∏±‡∏ö‡πÄ‡∏î‡πá‡∏Å‡∏Å‡∏£‡πà‡∏≤‡∏á‡∏ó‡∏µ‡πà‡∏Ñ‡∏¥‡∏î‡∏ß‡πà‡∏≤‡πÅ‡∏ô‡πà	neg
‡πÄ‡∏£‡∏≤‡∏ï‡∏¥‡∏î‡∏°.‡πÄ‡∏Å‡∏©‡∏ï‡∏£‡∏Ñ‡πà‡∏∞ ‡∏î‡∏µ‡πÉ‡∏à‡∏Å‡∏±‡∏ö‡πÄ‡∏£‡∏≤‡πÑ‡∏´‡∏°‡∏Ñ‡∏∞ ‡∏ï‡∏¥‡∏î‡∏°‡∏≤‡∏™‡∏≠‡∏á‡∏ä‡∏±‡πà‡∏ß‡πÇ‡∏°‡∏á‡∏Å‡∏ß‡πà‡∏≤‡πÅ‡∏•‡πâ‡∏ß ‡∏ï‡∏¥‡∏î‡∏¢‡∏≤‡∏ß‡∏¢‡∏±‡∏ô‡πÅ‡∏¢‡∏Å‡∏£‡∏±‡∏ä‡πÇ‡∏¢‡πÄ‡∏•‡∏¢‡∏Ñ‡πà‡∏∞ ‡πÇ‡∏≠‡πÄ‡∏Ñ /‡∏Å‡∏≤‡∏á‡πÄ‡∏ï‡∏ô‡∏ó‡πå‡∏ô‡∏≠‡∏ô	pos
‡πÄ‡∏õ‡πá‡∏ô‡πÄ‡∏î‡πá‡∏Å‡∏£‡∏∏‡πà‡∏ô‡∏ô‡∏µ‡πâ‡∏à‡∏ô‡∏Å‡∏π‡πÄ‡∏Ñ‡∏£‡∏µ‡∏¢‡∏î‡πÄ‡∏õ‡∏¥‡∏î‡∏ü‡∏±‡∏á‡πÄ‡∏û‡∏•‡∏á‡∏î‡∏ô‡∏ï‡∏£‡∏µ‡πÑ‡∏ó‡∏¢‡∏à‡∏ô‡∏£‡πâ‡∏≠‡∏á‡πÑ‡∏´‡πâ‡∏≠‡πà‡∏∞‡∏Ñ‡∏∑‡∏≠‡πÅ‡∏ö‡∏ö‡∏≠‡∏¥‡∏ô‡πÄ‡∏Ç‡πâ‡∏≤‡πÑ‡∏õ‡πÉ‡∏ô‡πÄ‡∏û‡∏•‡∏á‡πÑ‡∏î‡πâ‡πÅ‡∏•‡πâ‡∏ß‡πÄ‡∏Ç‡πâ‡∏≤‡πÉ‡∏à‡∏ó‡∏∏‡∏Å‡∏≠‡∏¢‡πà‡∏≤‡∏á‡πÅ‡∏•‡πâ‡∏ß ‡πÄ‡∏´‡∏°‡∏∑‡∏≠‡∏ô‡∏à‡∏∞‡πÑ‡∏ö‡πÇ‡∏û‡∏•‡∏≤‡∏£‡πå‡πÅ‡∏•‡πâ‡∏ß‡∏≠‡πà‡∏∞‡∏≠‡∏¥‡πÄ‡∏ß‡∏ô‡∏ô 	neg
‡πÄ‡∏ä‡∏∑‡πà‡∏≠‡πÅ‡∏≠‡∏û‡πÑ‡∏´‡∏ô‡πÑ‡∏î‡πâ‡∏ö‡πâ‡∏≤‡∏á‡∏Ñ‡∏∞ admission premium‡∏Å‡πá‡∏≠‡∏ß‡∏¢‡∏Ñ‡∏∞‡πÅ‡∏ô‡∏ô‡∏Å‡∏π‡∏ã‡∏∞‡∏à‡∏ô‡πÄ‡∏´‡∏°‡∏∑‡∏≠‡∏ô‡∏à‡∏∞‡∏ï‡∏¥‡∏î dek-d ‡∏Å‡πá‡∏Å‡∏î‡∏Ñ‡∏∞‡πÅ‡∏ô‡∏ô‡∏Å‡∏π‡πÄ‡∏´‡∏°‡∏∑‡∏≠‡∏ô‡∏¢‡∏¥‡πà‡∏á‡∏à‡∏°‡∏î‡∏¥‡∏ô‡πÑ‡∏õ‡∏≠‡∏µ‡πä‡∏Å‡∏Å‡∏ÅüòÇ 	neg
‡πÄ‡∏ä‡∏µ‡πà‡∏¢‡∏¢‡∏¢‡∏¢ ‡∏ï‡∏¥‡∏î‡πÅ‡∏•‡πâ‡∏ß ‡∏ï‡∏¥‡∏î‡∏•‡∏≤‡∏î‡∏Å‡∏£‡∏∞‡∏ö‡∏±‡∏á‡πÅ‡∏•‡πâ‡∏ß‡πÄ‡∏ß‡πâ‡∏¢‡∏¢	pos
‡πÄ‡∏Ñ‡∏•‡∏µ‡∏¢‡∏î‡∏ô‡∏≤‡∏ô‡∏°‡∏≤‡∏Å ‡πÄ‡∏Ç‡πâ‡∏≤‡∏£‡∏´‡∏±‡∏™‡πÑ‡∏°‡πà‡πÑ‡∏î‡πâ‡∏™‡∏±‡∏Å‡∏ó‡∏µ üò≠üò≠	neg
‡πÄ‡∏Ñ‡∏•‡∏µ‡∏¢‡∏î‡∏à‡∏±‡∏á‡πÄ‡∏•‡∏¢ ‡∏Å‡∏•‡∏±‡∏ß‡πÑ‡∏°‡πà‡∏ï‡∏¥‡∏î‡∏à‡∏±‡∏á‡πÄ‡∏•‡∏¢üò≠üò≠üò≠üò≠üò≠üò≠üò≠	neg
‡πÄ‡∏Ñ‡∏£‡∏µ‡∏¢‡∏î‡∏°‡∏≤‡∏Å‡∏Ñ‡∏∑‡∏≠‡πÅ‡∏°‡πà‡πÄ‡∏≠‡∏≤‡πÉ‡∏ö‡∏™‡∏°‡∏±‡∏Ñ‡∏£‡πÑ‡∏õ‡∏à‡πà‡∏≤‡∏¢‡∏ú‡∏¥‡∏î‡πÉ‡∏ö üò©üò≠ 	neg
‡πÄ‡∏Ñ‡∏£‡∏µ‡∏¢‡∏î‡∏à‡∏ô‡∏£‡πâ‡∏≠‡∏áüò≠üò≠üò≠‡πÑ‡∏°‡πà‡πÄ‡∏Ñ‡∏¢‡πÄ‡∏Ñ‡∏£‡∏µ‡∏¢‡∏î‡πÄ‡πÄ‡∏ö‡∏ö‡∏ô‡∏µ‡πâ‡∏°‡∏≤‡∏Å‡πà‡∏≠‡∏ô	neg
‡πÄ‡∏Ç‡πâ‡∏≤‡∏°‡∏≤‡πÅ‡∏•‡πâ‡∏ß‡∏Å‡πá‡πÄ‡∏Ñ‡∏£‡∏µ‡∏¢‡∏î ‡∏ó‡∏±‡πâ‡∏á‡πÄ‡∏Ñ‡∏£‡∏µ‡∏¢‡∏î‡∏ó‡∏±‡πâ‡∏á‡∏Å‡∏î‡∏î‡∏±‡∏ô‡∏ó‡∏±‡πâ‡∏á‡∏Å‡∏±‡∏á‡∏ß‡∏• ‡∏ï‡πâ‡∏≠‡∏á‡∏£‡∏≠‡∏ï‡πà‡∏≠‡πÑ‡∏õ‡πÄ‡∏£‡∏∑‡πà‡∏≠‡∏¢‡πÜ	neg
‡πÄ‡∏Å‡∏¥‡∏ô‡∏Å‡∏ß‡πà‡∏≤‡∏î‡∏µ‡πÉ‡∏à‡∏ó‡∏µ‡πà‡∏ï‡∏¥‡∏î ‡∏Å‡πá‡∏î‡∏µ‡πÉ‡∏à‡∏ó‡∏µ‡πà‡∏û‡πà‡∏≠‡πÄ‡∏£‡∏≤‡πÇ‡∏Ñ‡∏ï‡∏£‡∏î‡∏µ‡πÉ‡∏à ‡∏£‡∏±‡∏Å‡∏û‡πà‡∏≠‡∏ô‡∏∞	pos
‡∏≠‡∏¢‡∏π‡πà‡πÜ‡∏Å‡πá‡πÄ‡∏Ñ‡∏£‡∏µ‡∏¢‡∏î‡∏à‡∏ô‡∏à‡∏∞‡∏≠‡πâ‡∏ß‡∏Å ‡∏Å‡∏≤‡∏£‡∏£‡∏≠‡∏ó‡∏µ‡πà‡∏¢‡∏≤‡∏ß‡∏ô‡∏≤‡∏ô‡∏°‡∏±‡∏ô‡∏ö‡∏±‡πà‡∏ô‡∏ó‡∏≠‡∏ô‡∏™‡∏∏‡∏Ç‡∏†‡∏≤‡∏û‡∏à‡∏¥‡∏ï‡∏•‡∏≤‡∏°‡πÑ‡∏õ‡∏ñ‡∏∂‡∏á‡∏™‡∏∏‡∏Ç‡∏†‡∏≤‡∏û‡∏Å‡∏≤‡∏¢‡∏à‡∏£‡∏¥‡∏á‡πÜ‡∏ô‡∏∞ ‡∏≠‡∏¢‡∏≤‡∏Å‡πÉ‡∏´‡πâ‡∏°‡∏±‡∏ô‡∏ú‡πà‡∏≤‡∏ô‡πÑ‡∏õ‡πÑ‡∏ß‡πÜ ‡πÄ‡∏ß‡∏•‡∏≤‡∏Ñ‡∏ô‡∏°‡∏≤‡∏ñ‡∏≤‡∏°‡πÄ‡∏£‡∏µ‡∏¢‡∏ô‡∏ó‡∏µ‡πà‡πÑ‡∏´‡∏ô‡∏ô‡∏µ‡πà‡∏¢‡∏¥‡πà‡∏á‡πÄ‡∏õ‡πá‡∏ô‡∏ï‡∏±‡∏ß‡∏Å‡∏£‡∏∞‡∏ï‡∏∏‡πâ‡∏ô‡πÄ‡∏•‡∏¢ ‡πÑ‡∏î‡πâ‡∏¢‡∏¥‡∏ô‡πÅ‡∏•‡πâ‡∏ß‡∏≠‡∏¢‡∏≤‡∏Å‡πÄ‡∏≠‡∏≤‡∏Å‡∏≥‡∏´‡∏ô‡∏î‡∏Å‡∏≤‡∏£‡∏ü‡∏≤‡∏î‡∏´‡∏ô‡πâ‡∏≤ ‡πÅ‡∏°‡πà‡∏á ‡πÑ‡∏°‡πà‡∏£‡∏π‡πâ‡∏≠‡∏∞‡πÑ‡∏£‡∏Å‡πá‡∏≠‡∏¢‡∏π‡πà‡πÄ‡∏á‡∏µ‡∏¢‡∏ö‡πÜ‡πÑ‡∏õ‡∏î‡∏¥‡πâ //‡∏´‡∏±‡∏ß‡∏•‡πâ‡∏≠‡∏ô‡∏ô‡∏ôüò≠ 	neg
‡∏≠‡∏¢‡∏≤‡∏Å‡∏Ç‡∏≠‡πÇ‡∏ó‡∏©‡∏û‡πà‡∏≠‡πÅ‡∏°‡πà‡∏°‡∏≤‡∏Å‡πÜ ‡∏Ç‡∏≠‡πÇ‡∏ó‡∏©‡∏ó‡∏µ‡πà‡∏ó‡∏≥‡πÉ‡∏´‡πâ‡πÄ‡∏™‡∏µ‡∏¢‡πÉ‡∏à ‡∏Ç‡∏≠‡πÇ‡∏ó‡∏©‡∏ó‡∏µ‡πà‡∏ó‡∏≥‡πÉ‡∏´‡πâ‡∏î‡∏µ‡πÉ‡∏à‡πÄ‡∏Å‡πâ‡∏≠ ‡∏Ç‡∏≠‡πÇ‡∏ó‡∏©‡∏ó‡∏µ‡πà‡∏ó‡∏≥‡πÉ‡∏´‡πâ‡πÄ‡∏™‡∏µ‡∏¢‡πÄ‡∏ß‡∏•‡∏≤ ‡πÄ‡∏™‡∏µ‡∏¢‡πÄ‡∏á‡∏¥‡∏ô‡πÄ‡∏™‡∏µ‡∏¢‡∏Ñ‡πà‡∏≤‡∏ô‡πâ‡∏≥‡∏°‡∏±‡∏ô‡πÑ‡∏õ‡∏™‡πà‡∏á‡∏™‡∏±‡∏°‡∏†‡∏≤‡∏©‡∏ì‡πå ‡∏≠‡∏¢‡∏≤‡∏Å‡∏ö‡∏≠‡∏Å‡∏ú‡∏π‡πâ‡πÉ‡∏´‡∏ç‡πà‡∏ó‡∏±‡πâ‡∏á‡∏´‡∏•‡∏≤‡∏¢‡∏î‡πâ‡∏ß‡∏¢ ‡∏ß‡πà‡∏≤‡∏ó‡∏µ‡∏´‡∏•‡∏±‡∏á‡∏≠‡∏¢‡πà‡∏≤‡πÄ‡∏≠‡∏≤‡∏Ñ‡∏ß‡∏≤‡∏°‡∏£‡∏π‡πâ‡∏™‡∏∂‡∏Å ‡πÄ‡∏≠‡∏≤‡∏≠‡∏ô‡∏≤‡∏Ñ‡∏ï‡∏Ç‡∏≠‡∏á‡πÄ‡∏î‡πá‡∏Å‡∏°‡∏≤‡∏•‡πâ‡∏≠‡πÄ‡∏•‡πà‡∏ô‡πÅ‡∏ö‡∏ö‡∏ô‡∏µ‡πâ	neg
‡∏´‡∏≤‡πÅ‡∏î‡∏Å ‡∏Å‡∏±‡∏ö‡∏ú‡∏π‡πâ‡πÉ‡∏´‡∏ç‡πà‡πÑ‡∏°‡πà‡πÑ‡∏î‡πâ‡∏°‡∏≤‡∏´‡∏≤‡∏Å‡∏±‡∏ö‡∏≠‡∏ô‡∏≤‡∏Ñ‡∏ï‡∏Ç‡∏≠‡∏á‡∏ä‡∏≤‡∏ï‡∏¥‡πÅ‡∏•‡∏∞‡∏´‡∏£‡∏≠	neg
‡∏´‡∏•‡∏≤‡∏¢‡∏Ñ‡∏ô‡∏ï‡πâ‡∏≠‡∏á‡∏°‡∏≤‡πÄ‡∏™‡∏µ‡∏¢‡πÄ‡∏ß‡∏•‡∏≤‡∏Å‡∏±‡∏ö‡∏Ñ‡∏ß‡∏≤‡∏°‡πÑ‡∏°‡πà‡∏û‡∏£‡πâ‡∏≠‡∏°‡∏Ç‡∏≠‡∏á‡∏Ñ‡∏ô‡∏Å‡∏•‡∏∏‡πà‡∏°‡πÄ‡∏î‡∏µ‡∏¢‡∏ß	neg
‡∏´‡∏°‡∏≤‡πÑ‡∏°‡πà‡πÅ‡∏î‡∏Å‡∏°‡∏≤‡∏Å‡πÄ‡∏ñ‡∏≠‡∏∞ ‡πÄ‡∏•‡∏∑‡∏≠‡∏Å‡∏Ñ‡∏ì‡∏∞‡∏Å‡πà‡∏≠‡∏ô‡∏£‡∏π‡πâ‡∏Ñ‡∏∞‡πÅ‡∏ô‡∏ô ‡∏™‡∏≠‡∏ö‡πÑ‡∏î‡πâ‡∏Ñ‡∏£‡∏±‡πâ‡∏á‡πÄ‡∏î‡∏µ‡∏¢‡∏ß‡πÑ‡∏°‡πà‡∏°‡∏µ‡πÇ‡∏≠‡∏Å‡∏≤‡∏™‡πÅ‡∏Å‡πâ‡∏ï‡∏±‡∏ß ‡∏£‡∏∞‡∏¢‡∏∞‡πÄ‡∏ß‡∏•‡∏≤‡πÅ‡∏ï‡πà‡∏•‡∏∞‡∏£‡∏≠‡∏ö‡∏Å‡πá‡∏ô‡∏≤‡∏ô‡πÄ‡∏Å‡∏¥‡πâ‡∏ô‡∏ô ‡∏à‡∏ô‡∏ï‡∏≠‡∏ô‡∏ô‡∏µ‡πâ‡πÄ‡∏î‡πá‡∏Å‡πÄ‡∏Ç‡∏≤‡∏à‡∏∞‡πÄ‡∏õ‡∏¥‡∏î‡πÄ‡∏ó‡∏≠‡∏°‡∏´‡∏°‡∏î‡∏•‡πà‡∏∞ ‡∏à‡∏ô‡∏ï‡∏≠‡∏ô‡∏ô‡∏µ‡πâ‡∏¢‡∏±‡∏á‡πÑ‡∏°‡πà‡∏°‡∏µ‡∏ó‡∏µ‡πà‡πÄ‡∏£‡∏µ‡∏¢‡∏ô ‡∏ö‡∏≤‡∏á‡∏Ñ‡∏£‡∏±‡πâ‡∏á‡∏Å‡πá‡∏¢‡∏±‡∏á‡∏•‡∏±‡∏á‡πÄ‡∏•‡∏Å‡∏±‡∏ö‡∏ï‡∏±‡∏ß‡πÄ‡∏≠‡∏á ‡∏á‡∏á ‡∏™‡∏±‡∏ö‡∏™‡∏ô‡πÑ‡∏õ‡∏´‡∏°‡∏î‡∏•‡πà‡∏∞ ‡∏ß‡πà‡∏≤‡∏ï‡∏±‡∏ß‡πÄ‡∏≠‡∏á‡∏ä‡∏≠‡∏ö‡∏≠‡∏∞‡πÑ‡∏£‡∏Å‡∏±‡∏ô‡πÅ‡∏ô‡πà ‡πÄ‡∏û‡∏£‡∏≤‡∏∞‡∏°‡∏±‡∏ô‡∏ï‡πâ‡∏≠‡∏á‡∏™‡∏°‡∏±‡∏Ñ‡∏£‡πÉ‡∏´‡∏°‡πà‡πÅ‡∏ï‡πà‡∏•‡∏∞‡∏£‡∏≠‡∏ö ‡πÅ‡∏•‡πâ‡∏ß‡πÅ‡∏ï‡πà‡∏•‡∏∞‡∏ß‡∏±‡∏ô‡πÑ‡∏°‡πà‡∏Å‡∏•‡πâ‡∏≤‡∏≠‡∏≠‡∏Å‡∏ö‡πâ‡∏≤‡∏ô‡∏•‡πà‡∏∞ ‡∏ï‡πâ‡∏≠‡∏á‡∏°‡∏≤‡πÄ‡∏à‡∏≠‡∏Å‡∏±‡∏ö‡∏Ñ‡∏≥‡∏ñ‡∏≤‡∏°‡∏ó‡∏µ‡πà‡∏ß‡πà‡∏≤ ‡∏°‡∏µ‡∏ó‡∏µ‡πà‡πÄ‡∏£‡∏µ‡∏¢‡∏ô‡∏¢‡∏±‡∏á ‡∏™‡∏≠‡∏ö‡∏ï‡∏¥‡∏î‡∏¢‡∏±‡∏á ‡∏à‡∏∞‡∏ï‡∏¥‡∏î‡∏ï‡∏≠‡∏ô‡πÑ‡∏´‡∏ô ‡∏ö‡∏•‡∏≤‡πÜ ‡πÄ‡∏´‡∏ô‡∏∑‡πà‡∏≠‡∏¢‡∏ó‡∏µ‡πà‡∏ï‡πâ‡∏≠‡∏á‡∏°‡∏≤‡∏ï‡∏≠‡∏ö‡∏ã‡πâ‡∏≥‡πÜ‡πÄ‡∏£‡∏∑‡πà‡∏≠‡∏á‡πÄ‡∏î‡∏¥‡∏°‡πÜ ‡∏à‡∏ô‡∏™‡∏†‡∏≤‡∏û‡∏à‡∏¥‡∏ï‡πÉ‡∏à‡πÅ‡∏¢‡πà‡πÑ‡∏õ‡∏´‡∏°‡∏î ‡∏Å‡πá‡πÄ‡∏£‡∏¥‡πà‡∏°‡∏™‡∏±‡∏ö‡∏™‡∏ô‡∏£‡∏∞‡∏´‡∏ß‡πà‡∏≤‡∏á‡∏à‡∏∞‡πÄ‡∏£‡∏µ‡∏¢‡∏ô‡∏ï‡πà‡∏≠‡∏Å‡∏±‡∏ö‡∏ó‡∏≥‡∏á‡∏≤‡∏ô‡πÄ‡∏•‡∏¢‡∏î‡∏µ‡πÑ‡∏´‡∏° ? ‡∏°‡∏µ‡πÅ‡∏ï‡πà‡πÄ‡∏£‡∏∑‡πà‡∏≠‡∏á‡πÅ‡∏¢‡πà‡πÜ ‡πÄ‡∏Æ‡πâ‡∏≠‡∏≠‡∏≠ ‡∏ï‡πâ‡∏≠‡∏á‡πÉ‡∏ä‡πâ‡∏≠‡∏µ‡∏Å‡∏Å‡∏µ‡πà‡∏ô‡πâ‡∏≥‡∏ï‡∏≤‡πÉ‡∏´‡πâ‡πÄ‡∏ò‡∏≠‡πÄ‡∏´‡πá‡∏ô‡πÉ‡∏à üò≠	neg
‡∏™‡∏∏‡∏î‡∏ó‡πâ‡∏≤‡∏¢‡∏Å‡πá‡πÑ‡∏°‡πà‡πÑ‡∏î‡πâ‡πÄ‡∏•‡∏∑‡∏≠‡∏Å‡∏ó‡∏µ‡πà‡∏ó‡∏µ‡πà‡∏ù‡∏±‡∏ô	neg
‡∏™‡∏°‡∏±‡∏Ñ‡∏£‡∏Ñ‡∏£‡∏±‡πâ‡∏á‡πÑ‡∏´‡∏ô‡∏ö‡πâ‡∏≤‡∏á‡∏ó‡∏µ‡πà‡πÄ‡∏ß‡πá‡∏ö‡∏à‡∏∞‡πÑ‡∏°‡πà‡∏°‡∏µ‡∏õ‡∏±‡∏ç‡∏´‡∏≤ üò°üò°	neg
‡∏™‡∏ñ‡∏≤‡∏ô‡∏Å‡∏≤‡∏£‡πå‡∏ì‡πÅ‡∏ö‡∏ö‡∏ô‡∏µ‡πâ ‡πÉ‡∏ä‡πâ‡∏Ñ‡∏≥‡∏ß‡πà‡∏≤‡∏£‡∏∞‡∏ö‡∏ö‡∏Å‡∏≤‡∏£‡∏®‡∏∂‡∏Å‡∏©‡∏≤‡∏ï‡πà‡∏≠‡πÑ‡∏î‡πâ‡∏≠‡∏µ‡∏Å‡∏´‡∏£‡∏≠ ‡∏•‡πâ‡∏°‡πÄ‡∏•‡∏¥‡∏Å‡πÑ‡∏õ‡πÄ‡∏ñ‡∏≠‡∏∞ ‡πÄ‡∏´‡∏ô‡∏∑‡πà‡∏≠‡∏¢‡∏°‡∏≤‡∏Å ‡∏Æ‡∏∑‡∏≠	neg
‡∏™‡∏á‡∏™‡∏≤‡∏£‡∏Ñ‡∏ô‡∏Ç‡πâ‡∏≤‡∏á‡∏ö‡πâ‡∏≤‡∏ô‡∏°‡∏≤‡∏Å‡∏≠‡∏∞ ‡∏ï‡∏¥‡∏î‡∏ï‡∏≤‡∏°‡∏°‡∏≤‡∏ï‡∏±‡πâ‡∏á‡πÅ‡∏ï‡πà‡∏£‡∏≠‡∏ö‡πÅ‡∏£‡∏Å ‡∏ñ‡∏≤‡∏°‡∏ï‡∏•‡∏≠‡∏î‡πÄ‡∏•‡∏¢‡∏ï‡∏¥‡∏î‡∏ó‡∏µ‡πà‡πÑ‡∏´‡∏ô‡πÅ‡∏•‡πâ‡∏ß‡∏ö‡πâ‡∏≤‡∏á ‡πÑ‡∏î‡πâ‡∏ó‡∏µ‡πà‡πÄ‡∏£‡∏µ‡∏¢‡∏ô‡∏£‡∏∂‡∏¢‡∏±‡∏á ‡∏à‡∏ô‡∏ï‡∏≠‡∏ô‡∏ô‡∏µ‡πâ‡∏Å‡πá‡πÅ‡∏õ‡∏î‡πÄ‡∏î‡∏∑‡∏≠‡∏ô‡πÑ‡∏î‡πâ‡∏Å‡πá‡∏¢‡∏±‡∏á‡∏Ñ‡∏á‡∏ï‡∏¥‡∏î‡∏ï‡∏≤‡∏°‡∏°‡∏≤‡∏ï‡∏•‡∏≠‡∏î ‡∏£‡∏≠‡∏≠‡∏µ‡∏Å‡∏ô‡∏¥‡∏î‡∏ô‡∏∞‡∏Ñ‡∏∞ TT	neg
‡∏ß‡∏∏‡πà‡∏ô‡∏ß‡∏≤‡∏¢‡πÄ‡∏´‡∏°‡∏∑‡∏≠‡∏ô‡πÄ‡∏î‡∏¥‡∏°‡∏õ‡∏£‡∏∞‡πÄ‡∏ó‡∏®‡πÑ‡∏ó‡∏¢ ‡πÄ‡∏û‡∏¥‡πà‡∏°‡πÄ‡∏ï‡∏¥‡∏°‡∏Ñ‡∏∑‡∏≠‡∏Å‡∏ß‡πà‡∏≤‡πÄ‡∏î‡∏¥‡∏° ‡∏û‡∏±‡∏í‡∏ô‡∏≤‡∏¢‡∏±‡∏á‡πÑ‡∏á‡πÉ‡∏´‡πâ‡∏ß‡∏∏‡πà‡∏ô‡∏ß‡∏≤‡∏¢‡∏Å‡∏ß‡πà‡∏≤‡πÄ‡∏î‡∏¥‡∏° ‡∏á‡∏á‡∏Ñ‡πà‡∏∞!	neg
‡∏ß‡∏±‡∏ô‡∏ô‡∏µ‡πâ‡πÄ‡∏õ‡πá‡∏ô‡∏ô‡∏±‡∏Å‡∏®‡∏∂‡∏Å‡∏©‡∏≤‡∏ò‡∏£‡∏£‡∏°‡∏®‡∏≤‡∏™‡∏ï‡∏£‡πå‡πÅ‡∏•‡πâ‡∏ß‡∏ô‡∏∞‚ù§Ô∏èüíõ ‡∏ó‡∏µ‡πà‡πÄ‡∏´‡∏ô‡∏∑‡πà‡∏≠‡∏¢‡πÅ‡∏•‡∏∞‡∏ó‡∏∏‡πà‡∏°‡πÄ‡∏ó‡∏°‡∏≤ ‡∏ß‡∏±‡∏ô‡∏ô‡∏µ‡πâ‡∏ï‡∏¥‡∏î‡πÅ‡∏•‡πâ‡∏ß‡∏ô‡∏∞üò≠ 	pos
‡∏£‡∏π‡πâ‡∏™‡∏∂‡∏Å‡∏ó‡πâ‡∏≠‡πÅ‡∏ó‡πâ‡∏Å‡∏±‡∏ö‡∏ä‡∏µ‡∏ß‡∏¥‡∏ï‡∏°‡∏≤‡∏Å‡∏≠‡∏∞ üò≠	neg
‡∏£‡∏π‡πâ‡∏°‡∏±‡πâ‡∏¢ ‡∏Å‡∏π‡∏≠‡∏¢‡∏≤‡∏Å‡πÄ‡∏´‡πá‡∏ô‡∏≠‡∏∞‡πÑ‡∏£ ‡∏≠‡∏¢‡∏≤‡∏Å‡πÄ‡∏´‡πá‡∏ô‡∏ú‡∏π‡πâ‡πÉ‡∏´‡∏ç‡πà‡πÉ‡∏ô‡∏ó‡∏õ‡∏≠.‡∏Å‡πâ‡∏°‡∏´‡∏±‡∏ß‡πÅ‡∏™‡∏î‡∏á‡∏Ñ‡∏ß‡∏≤‡∏°‡∏£‡∏±‡∏ö‡∏ú‡∏¥‡∏î‡∏ä‡∏≠‡∏ö‡∏ï‡πà‡∏≠‡∏´‡∏ô‡πâ‡∏≤‡∏™‡∏∑‡πà‡∏≠ ‡∏°‡∏∂‡∏á‡∏á‡∏≤‡∏°‡∏´‡∏ô‡πâ‡∏≤‡∏Ç‡∏ô‡∏≤‡∏î‡∏ô‡∏µ‡πâ‡∏û‡∏π‡∏î‡∏•‡∏≠‡∏¢‡πÜ‡∏°‡∏≤‡πÅ‡∏Ñ‡πà‡∏Ç‡∏≠‡πÇ‡∏ó‡∏©‡πÄ‡∏ö‡∏≤‡πÜ‡πÅ‡∏•‡πâ‡∏ß‡πÄ‡∏õ‡∏•‡∏µ‡πà‡∏¢‡∏ô‡πÄ‡∏£‡∏∑‡πà‡∏≠‡∏á ‡∏ó‡∏µ‡πà‡∏ç‡∏õ ‡πÅ‡∏Ñ‡πà‡πÑ‡∏≠‡∏ï‡∏¥‡∏°‡πÄ‡∏Ç‡∏≤‡∏à‡∏∞‡∏õ‡∏£‡∏±‡∏ö‡∏Ç‡∏∂‡πâ‡∏ô‡∏£‡∏≤‡∏Ñ‡∏≤‡∏°‡∏≤‡πÄ‡∏¢‡∏ô‡∏ô‡∏∂‡∏á‡∏ú‡∏π‡πâ‡∏ö‡∏£‡∏¥‡∏´‡∏≤‡∏£‡∏ó‡∏±‡πâ‡∏á‡∏ö‡∏≠‡∏£‡πå‡∏î‡∏¢‡∏±‡∏á‡∏°‡∏≤‡∏Å‡πâ‡∏°‡∏´‡∏±‡∏ß‡∏´‡∏ô‡πâ‡∏≤‡∏ï‡∏∂‡∏Å‡∏Ç‡∏≠‡πÇ‡∏ó‡∏©‡∏ú‡∏π‡πâ‡∏ö‡∏£‡∏¥‡πÇ‡∏†‡∏Ñ ‡∏ô‡∏µ‡πà‡∏Å‡∏±‡∏ö‡πÄ‡∏î‡πá‡∏Å‡∏°.6 ‡πÄ‡∏õ‡πá‡∏ô‡πÅ‡∏™‡∏ô ‡πÑ‡∏°‡πà‡∏Ñ‡∏¥‡∏î‡∏à‡∏∞‡∏£‡∏±‡∏ö‡∏ú‡∏¥‡∏î‡∏ä‡∏≠‡∏ö‡∏´‡∏ô‡πà‡∏≠‡∏¢‡∏´‡∏£‡∏≠ 	neg
‡∏£‡∏≠‡∏ó‡∏µ‡πà‡πÄ‡∏£‡∏µ‡∏¢‡∏ô‡∏à‡∏ô‡πÄ‡∏õ‡πá‡∏ô‡∏ö‡πâ‡∏≤ ‡πÄ‡∏´‡πá‡∏ô‡∏≠‡∏∞‡πÑ‡∏£‡∏Å‡πá‡∏Ç‡∏≥‡πÑ‡∏õ‡∏´‡∏°‡∏î	neg
‡∏°‡∏∂‡∏á‡πÄ‡∏°‡∏∑‡πà‡∏≠‡πÑ‡∏´‡∏£‡πà‡πÄ‡∏£‡∏≤‡∏à‡∏∞‡πÑ‡∏î‡πâ‡∏ô‡∏≤‡∏¢‡∏Å‡∏Ñ‡∏ô‡πÉ‡∏´‡∏°‡πà ‡∏ó‡∏ô‡πÄ‡∏´‡πá‡∏ô‡πÄ‡∏´‡∏µ‡πâ‡∏¢‡πÑ‡∏£‡πÅ‡∏ö‡∏ö‡∏ô‡∏µ‡πâ‡πÇ‡∏Ñ‡∏ï‡∏£‡∏ó‡∏≥‡∏£‡∏≤‡∏¢‡∏à‡∏¥‡∏ï‡πÉ‡∏à‡∏Å‡∏±‡∏ö‡∏Ñ‡∏ß‡∏≤‡∏°‡πÇ‡∏á‡πà‡∏Ç‡∏≠‡∏á‡πÅ‡∏°‡πà‡∏á‡πÄ‡∏•‡∏¢‡πÄ‡∏ö‡∏∑‡πà‡∏≠‡∏°‡∏≤‡∏Å	neg
‡∏°‡∏µ‡πÉ‡∏Ñ‡∏£‡πÇ‡∏î‡∏ô‡∏ö‡∏±‡∏á‡∏Ñ‡∏±‡∏ö‡πÉ‡∏´‡πâ‡πÄ‡∏£‡∏µ‡∏¢‡∏ô‡∏≠‡∏±‡∏ô‡∏ó‡∏µ‡πà‡πÄ‡∏£‡∏≤‡πÑ‡∏°‡πà‡∏ä‡∏≠‡∏ö‡∏ö‡πâ‡∏≤‡∏á ‡πÄ‡∏£‡∏≤‡πÄ‡∏Ñ‡∏£‡∏µ‡∏¢‡∏î‡∏°‡∏≤‡∏Å ‡∏¢‡∏¥‡πà‡∏á‡∏ñ‡πâ‡∏≤‡∏£‡∏≠‡∏ö‡∏ô‡∏µ‡πâ‡πÄ‡∏£‡∏≤‡πÑ‡∏°‡πà‡∏ï‡∏¥‡∏î‡∏Ñ‡∏ì‡∏∞‡∏ó‡∏µ‡πà‡πÄ‡∏£‡∏≤‡πÄ‡∏•‡∏∑‡∏≠‡∏Å‡πÄ‡∏£‡∏≤‡∏ï‡πâ‡∏≠‡∏á‡πÑ‡∏î‡πâ‡πÑ‡∏õ‡πÄ‡∏£‡∏µ‡∏¢‡∏ô‡∏≠‡∏±‡∏ô‡∏ó‡∏µ‡πà‡∏Ñ‡∏£‡∏≠‡∏ö‡∏Ñ‡∏£‡∏±‡∏ß‡∏≠‡∏¢‡∏≤‡∏Å‡πÉ‡∏´‡πâ‡πÄ‡∏£‡∏µ‡∏¢‡∏ô‡∏≠‡πà‡∏∞üò≠	neg
‡∏°‡∏µ‡∏ä‡∏∑‡πà‡∏≠‡∏™‡∏±‡∏°‡∏Ñ‡∏ì‡∏∞‡∏ó‡∏µ‡πà‡∏ä‡∏≠‡∏ö‡πÅ‡∏•‡πâ‡∏ß‡∏ß‡∏ß ‡πÅ‡∏ï‡πà‡∏°.‡∏ó‡∏µ‡πà‡∏ï‡∏¥‡∏î‡πÑ‡∏Å‡∏•‡∏ö‡πâ‡∏≤‡∏ô‡∏°‡∏≤‡∏Å‡πÄ‡∏•‡∏¢‡∏Å‡∏•‡∏±‡∏ß‡πÅ‡∏°‡πà‡πÑ‡∏°‡πà‡πÉ‡∏´‡πâ‡πÑ‡∏õ üò≠	neg
‡∏°‡∏Ç. ‡∏£‡∏≠‡∏ö3/2‡∏£‡∏±‡∏ö‡πÄ‡∏£‡∏≤‡∏î‡πâ‡∏ß‡∏¢‡πÄ‡∏ñ‡∏≠‡∏∞‡∏ô‡∏∞ ‡πÄ‡∏£‡∏≤‡∏≠‡∏¢‡∏≤‡∏Å‡πÄ‡∏£‡∏µ‡∏¢‡∏ô‡∏à‡∏£‡∏¥‡∏á‡πÜ ‡∏ñ‡πâ‡∏≤‡∏£‡∏±‡∏ö‡πÄ‡∏£‡∏≤‡∏Ñ‡∏∏‡∏ì‡∏à‡∏∞‡πÑ‡∏°‡πà‡∏ú‡∏¥‡∏î‡∏´‡∏ß‡∏±‡∏á ‡πÄ‡∏£‡∏≤‡∏à‡∏∞‡πÑ‡∏°‡πà‡∏™‡∏•‡∏∞‡∏™‡∏¥‡∏ó‡∏ò‡∏¥‡πå‡πÅ‡∏ô‡πà‡∏ô‡∏≠‡∏ô‚ù§‚ù§	pos
‡∏û‡∏¥‡∏°‡∏û‡πå‡πÉ‡∏ö‡∏™‡∏°‡∏±‡∏Ñ‡∏£‡πÑ‡∏°‡πà‡πÑ‡∏î‡πâüò≠üò≠	neg
‡∏ú‡∏π‡πâ‡πÉ‡∏´‡∏ç‡πà‡∏£‡∏±‡∏á‡πÅ‡∏Å‡∏â‡∏±‡∏ô ‡∏°‡∏±‡∏ô‡πÄ‡∏¢‡πâ‡∏≤‡∏Å‡∏±‡∏ö‡∏ä‡∏µ‡∏ß‡∏¥‡∏ï‡∏ï‡∏≠‡∏ô‡∏ô‡∏µ‡πâ‡∏°‡∏≤‡∏Å üòÇüòÇüòÇüòÇ	neg
‡∏õ‡∏£‡∏∞‡∏™‡∏≤‡∏ó‡πÅ‡∏î‡∏Å‡∏´‡∏°‡∏î‡πÅ‡∏•‡πâ‡∏ß ‡∏ñ‡∏≤‡∏°‡∏Å‡∏±‡∏ô‡∏≠‡∏¢‡∏π‡πà‡πÑ‡∏î‡πâ‡πÄ‡∏£‡∏µ‡∏¢‡∏ô‡πÑ‡∏´‡∏ô #‡∏≠‡∏´‡∏´‡∏´‡∏´ ‡∏¢‡∏±‡∏á‡πÑ‡∏°‡πà‡∏°‡∏µ‡∏ó‡∏µ‡πà‡πÄ‡∏£‡∏µ‡∏¢‡∏ô‡πÄ‡∏ß‡πâ‡∏¢‡∏¢‡∏¢ #‡∏Ç‡∏µ‡πâ‡πÄ‡∏™‡∏∑‡∏≠‡∏Å	neg
‡∏õ‡∏£‡∏∞‡∏Å‡∏≤‡∏®‡πÄ‡∏£‡πá‡∏ß‡∏Å‡∏ß‡πà‡∏≤‡∏ô‡∏µ‡πâ‡∏´‡∏ô‡πà‡∏≠‡∏¢‡πÑ‡∏°‡πà‡πÑ‡∏î‡πâ‡∏´‡∏£‡∏≠ ‡πÄ‡∏î‡πá‡∏Å‡∏ü‡∏∏‡πâ‡∏á‡∏ã‡πà‡∏≤‡∏ô‡πÑ‡∏õ‡∏´‡∏°‡∏î‡πÅ‡∏•‡πâ‡∏ß‡πÇ‡∏ß‡πâ‡∏¢	neg
‡∏ö‡∏≠‡∏Å‡πÄ‡∏•‡∏¢‡∏ß‡πà‡∏≤ ‡πÄ‡∏´‡∏µ‡πâ‡∏¢‡∏°‡∏≤‡∏Å =..= ‡∏£‡∏π‡πâ‡∏™‡∏∂‡∏Å‡πÑ‡∏£‡πâ‡∏≠‡∏ô‡∏≤‡∏Ñ‡∏ï‡∏°‡∏≤‡∏Å‡∏ï‡∏≠‡∏ô‡∏Ñ‡∏∞‡πÅ‡∏ô‡∏ô‡∏≠‡∏≠‡∏Å ‡∏£‡∏π‡πâ‡∏™‡∏∂‡∏Å‡∏ó‡πâ‡∏≠‡∏°‡∏≤‡∏Å‡∏î‡πâ‡∏ß‡∏¢ ‡∏™‡∏≠‡∏ö‡∏Å‡πá‡∏°‡∏µ‡∏£‡∏≠‡∏ö‡πÄ‡∏î‡∏µ‡∏¢‡∏ß ‡∏Ñ‡∏∞‡πÅ‡∏ô‡∏ô‡∏Å‡πá‡∏Å‡∏•‡∏±‡∏ß‡∏à‡∏∞‡∏¢‡∏∑‡πà‡∏ô‡∏ó‡∏µ‡πà‡πÑ‡∏´‡∏ô‡πÑ‡∏°‡πà‡πÑ‡∏î‡πà‡πÄ‡∏û‡∏£‡∏≤‡∏∞‡πÑ‡∏°‡πà‡∏£‡∏π‡πâ‡πÄ‡∏Å‡∏ì‡∏ë‡πå‡∏Ñ‡∏∞‡πÅ‡∏ô‡∏ô‡πÉ‡∏´‡∏°‡πà ‡∏Ñ‡∏∑‡∏≠‡πÄ‡∏Ñ‡∏£‡∏µ‡∏¢‡∏î‡∏°‡∏≤‡∏´‡∏•‡∏≤‡∏¢‡πÄ‡∏î‡∏∑‡∏≠‡∏ô‡∏°‡∏≤‡∏Å ‡∏•‡∏î‡∏£‡∏≠‡∏ö‡∏Å‡∏≤‡∏£‡∏ß‡∏¥‡πà‡∏á‡∏™‡∏≠‡∏ö‡∏Å‡πá‡∏à‡∏£‡∏¥‡∏á‡πÅ‡∏ï‡πà‡∏Å‡∏π‡πÄ‡∏Ñ‡∏£‡∏µ‡∏¢‡∏î‡∏´‡∏ô‡∏±‡∏Å‡∏Å‡∏ß‡πà‡∏≤‡πÄ‡∏î‡∏¥‡∏°‡∏°‡∏°‡∏°‡∏°	neg
‡∏ô‡πâ‡∏≠‡∏á‡∏Ç‡πâ‡∏≤‡∏á‡∏ö‡πâ‡∏≤‡∏ô‡∏ö‡∏≠‡∏Å‡∏ï‡πâ‡∏≠‡∏á‡∏£‡∏µ‡∏ö‡πÑ‡∏õ‡∏£‡∏µ‡∏î‡∏ú‡πâ‡∏≤‡∏û‡∏£‡∏∏‡πà‡∏á‡∏ô‡∏µ‡πâ‡πÑ‡∏õ‡πÇ‡∏£‡∏á‡πÄ‡∏£‡∏µ‡∏¢‡∏ô ‡πÄ‡∏≠‡∏¥‡πà‡∏° -_- ‡∏ï‡∏±‡∏î‡∏†‡∏≤‡∏û‡∏°‡∏≤‡∏ó‡∏µ‡πà‡∏Å‡∏π ‡∏ô‡∏µ‡πà‡∏Å‡∏π‡∏ï‡πâ‡∏≠‡∏á‡πÉ‡∏ä‡πâ‡∏ä‡∏µ‡∏ß‡∏¥‡∏ï‡πÅ‡∏ö‡∏ö‡πÄ‡∏´‡∏°‡∏∑‡∏≠‡∏ô‡∏ß‡∏¥‡∏ì‡∏ç‡∏≤‡∏ì‡πÄ‡∏£‡∏£‡πà‡∏≠‡∏ô‡∏Ç‡∏ô‡∏≤‡∏î‡∏ô‡∏µ‡πâ‡πÄ‡∏•‡∏¢ ‡∏™‡∏á‡∏™‡∏≤‡∏£‡∏ï‡∏±‡∏ß‡πÄ‡∏≠‡∏á üòÇüòÇüòÇ 	neg
‡∏ô‡πà‡∏≤‡πÄ‡∏ö‡∏∑‡πà‡∏≠‡∏ô‡∏∞ ‡∏ô‡∏≠‡∏ô‡∏¢‡∏∏‡∏ö‡πâ‡∏≤‡∏ô‡πÄ‡∏â‡∏¢‡πÜ‡πÄ‡∏ô‡∏µ‡πà‡∏¢ ‡∏ô‡∏≠‡∏ô‡∏£‡∏≠‡∏ó‡∏µ‡πà‡πÄ‡∏£‡∏µ‡∏¢‡∏ô ‡∏ô‡∏≠‡∏ô‡∏£‡∏≠‡∏°‡∏´‡∏≤‡∏•‡∏±‡∏¢‡πÄ‡∏õ‡∏¥‡∏î ‡∏ô‡∏≠‡∏ô‡∏£‡∏≠‡πÑ‡∏£‡∏Å‡πá‡πÑ‡∏°‡πà‡∏£‡∏π‡πâ ‡πÑ‡∏°‡πà‡∏£‡∏π‡πâ‡∏ß‡πà‡∏≤‡∏à‡∏∞‡∏ï‡∏¥‡∏î‡πÑ‡∏°‡πà‡∏ï‡∏¥‡∏î‡∏î‡πâ‡∏ß‡∏¢‡∏ã‡πâ‡∏≥ ‡πÑ‡∏î‡πâ‡πÅ‡∏ï‡πà‡∏£‡∏≠‡∏≠‡πà‡∏∞ ‡∏á‡∏≤‡∏ô‡∏Å‡πá‡πÑ‡∏°‡πà‡∏°‡∏µ‡∏ó‡∏≥ ‡πÄ‡∏á‡∏¥‡∏ô‡∏Å‡πá‡πÑ‡∏°‡πà‡∏°‡∏µ‡πÄ‡∏ó‡∏µ‡πà‡∏¢‡∏ß ‡πÑ‡∏õ‡πÑ‡∏´‡∏ô‡∏Å‡πá‡πÑ‡∏°‡πà‡πÑ‡∏î‡πâ üò≠üò≠üò≠üò≠	neg
‡∏ô‡∏µ‡πà‡∏Ñ‡∏∑‡∏≠‡∏£‡∏≥‡∏Ñ‡∏≤‡∏ç‡∏Ñ‡∏£‡∏π‡πÄ‡πÄ‡∏ô‡∏∞‡πÄ‡πÄ‡∏ô‡∏ß‡∏ó‡∏µ‡πà‡∏£‡∏£.‡∏°‡∏≤‡∏Å‡πÄ‡∏£‡πà‡∏á‡πÄ‡∏£‡πâ‡∏≤‡∏à‡∏∞‡πÄ‡∏≠‡∏≤‡∏£‡∏≤‡∏¢‡∏ä‡∏∑‡πà‡∏≠‡∏°‡∏´‡∏≤‡∏•‡∏±‡∏¢‡∏≠‡∏¢‡∏π‡πà‡πÑ‡∏î‡πâ ‡∏Ñ‡∏∑‡∏≠‡∏°‡∏±‡∏ô‡∏™‡∏≥‡∏Ñ‡∏±‡∏ç‡∏°‡∏≤‡∏Å‡πÄ‡∏•‡∏¢‡∏´‡∏£‡∏≠ ‡∏ö‡πâ‡∏≤‡∏ö‡∏≠‡∏≠‡∏≠ ‡∏°‡∏≤‡πÄ‡∏õ‡πá‡∏ô‡∏Å‡∏π‡∏î‡∏π‡∏°‡∏±‡πâ‡∏¢ ‡∏Å‡∏î‡∏î‡∏±‡∏ô‡∏™‡∏±‡∏™	neg
‡∏ô‡∏±‡πà‡∏á‡∏£‡πâ‡∏≠‡∏á‡πÑ‡∏´‡πâ‡πÄ‡∏û‡∏£‡∏≤‡∏∞‡∏™‡∏°‡∏±‡∏Ñ‡∏£‡πÑ‡∏°‡πà‡πÑ‡∏î‡πâ ....‡∏Ç‡∏≠‡πÄ‡∏´‡∏•‡∏∑‡∏≠‡∏ô‡πâ‡∏≥‡∏ï‡∏≤‡πÑ‡∏ß‡πâ‡∏ï‡∏≠‡∏ô‡∏ï‡∏¥‡∏î‡∏£‡∏∂‡πÑ‡∏°‡πà‡∏ï‡∏¥‡∏î‡∏ö‡πâ‡∏≤‡∏á‡πÑ‡∏î‡πâ‡πÑ‡∏´‡∏° ‡∏ó‡∏õ‡∏≠ üò≠	neg
‡∏ô‡∏≠‡∏Å‡∏à‡∏≤‡∏Å‡∏™‡∏á‡∏™‡∏≤‡∏£‡∏ï‡∏±‡∏ß‡πÄ‡∏≠‡∏á‡πÅ‡∏•‡πâ‡∏ß ‡∏¢‡∏±‡∏á‡∏™‡∏á‡∏™‡∏≤‡∏£‡πÅ‡∏°‡πà‡∏≠‡∏µ‡∏Å‡∏≠‡πà‡∏∞ ‡πÄ‡∏£‡∏≤‡∏≠‡∏¢‡∏≤‡∏Å‡πÉ‡∏´‡πâ‡πÅ‡∏°‡πà‡∏†‡∏π‡∏°‡∏¥‡πÉ‡∏à‡πÉ‡∏ô‡∏ï‡∏±‡∏ß‡πÄ‡∏£‡∏≤ ‡πÄ‡∏£‡∏≤‡πÄ‡∏•‡∏¢‡πÄ‡∏•‡∏∑‡∏≠‡∏Å‡∏™‡∏¥‡πà‡∏á‡∏ó‡∏µ‡πà‡∏Ñ‡∏¥‡∏î‡∏ß‡πà‡∏≤‡∏°‡∏±‡∏ô‡∏à‡∏∞‡∏î‡∏µ‡∏Å‡∏±‡∏ö‡πÄ‡∏£‡∏≤‡πÉ‡∏ô‡∏£‡∏∞‡∏¢‡∏∞‡∏¢‡∏≤‡∏ß ‡∏ó‡∏≥‡πÉ‡∏´‡πâ‡πÄ‡∏£‡∏≤‡∏´‡∏ß‡∏±‡∏á‡∏°‡∏≤‡∏Å‡∏Ç‡∏∂‡πâ‡∏ô‡πÑ‡∏õ‡∏≠‡∏µ‡∏Å ‡πÅ‡∏°‡πà‡∏Å‡πá‡πÄ‡∏Ñ‡∏£‡∏µ‡∏¢‡∏î ‡πÅ‡∏°‡πà‡∏ô‡∏≠‡∏ô‡πÑ‡∏°‡πà‡∏´‡∏•‡∏±‡∏ö‡∏°‡∏≤‡∏ï‡∏±‡πâ‡∏á‡πÅ‡∏ï‡πà‡∏Ñ‡∏∑‡∏ô‡∏ó‡∏µ‡πà‡πÄ‡∏£‡∏≤‡∏•‡∏∏‡∏Å‡πÑ‡∏õ‡∏™‡∏°‡∏±‡∏Ñ‡∏£‡∏™‡∏≠‡∏ö‡∏ï‡∏≠‡∏ô‡∏ï‡∏µ4‡πÅ‡∏•‡πâ‡∏ß ‡πÅ‡∏ï‡πà‡πÅ‡∏°‡πà‡∏Å‡πá‡∏ï‡πâ‡∏≠‡∏á‡πÑ‡∏õ‡∏ó‡∏≥‡∏á‡∏≤‡∏ô‡∏ó‡∏∏‡∏Å‡∏ß‡∏±‡∏ô ‡πÄ‡∏£‡∏≤‡∏≠‡∏¢‡∏≤‡∏Å‡∏ï‡∏¥‡∏î‡πÅ‡∏•‡πâ‡∏ß‡∏à‡∏£‡∏¥‡∏á‡πÜ‡∏ô‡∏∞ ‡πÄ‡∏õ‡πá‡∏ô‡∏´‡πà‡∏ß‡∏á‡πÅ‡∏°‡πà üò≠	neg
‡∏ó‡πâ‡∏≠‡∏à‡∏ô‡∏ö‡∏≤‡∏á‡∏ó‡∏µ‡∏Å‡πá‡∏ô‡∏±‡πà‡∏á‡πÜ‡∏≠‡∏¢‡∏π‡πà‡∏Å‡πá‡∏Ñ‡∏¥‡∏î‡∏ß‡πà‡∏≤ ‡πÑ‡∏°‡πà‡∏≠‡∏¢‡∏≤‡∏Å‡πÄ‡∏£‡∏µ‡∏¢‡∏ô‡πÅ‡∏•‡πâ‡∏ß‡∏≠‡πà‡∏∞	neg
‡∏ó‡∏µ‡πà‡∏ï‡∏¥‡∏î‡∏ô‡∏µ‡πà‡∏Ñ‡∏∑‡∏≠ ‡πÇ‡∏•‡πà‡∏á‡πÉ‡∏à‡∏°‡∏≤‡∏Å‡∏Å‡∏ß‡πà‡∏≤‡∏î‡∏µ‡πÉ‡∏à ‡πÄ‡∏û‡∏£‡∏≤‡∏∞‡πÄ‡∏´‡∏ô‡∏∑‡πà‡∏≠‡∏¢‡πÉ‡∏à‡∏°‡∏≤‡∏°‡∏≤‡∏Å‡πÅ‡∏•‡πâ‡∏ß	pos
‡∏ó‡∏±‡πâ‡∏á‡πÜ‡∏ó‡∏µ‡πà‡πÑ‡∏°‡πà‡∏Ñ‡πà‡∏≠‡∏¢‡πÇ‡∏≠‡πÄ‡∏Ñ‡∏Å‡∏±‡∏ö‡∏£‡∏≠‡∏ö3 ‡πÅ‡∏ï‡πà‡∏Å‡πá‡πÄ‡∏™‡∏∑‡∏≠‡∏Å‡∏™‡∏°‡∏±‡∏Ñ‡∏£‡πÄ‡∏û‡∏£‡∏≤‡∏∞‡∏≠‡∏¢‡∏≤‡∏Å‡∏°‡∏µ‡∏ó‡∏µ‡πà‡πÄ‡∏ô‡∏µ‡∏¢‡∏ô‡πÅ‡∏•‡πâ‡∏ß... ‡πÄ‡∏≠‡∏≠ ‡∏Å‡∏π‡πÄ‡∏≠‡∏áüò≠ ‡πÄ‡∏û‡∏£‡∏≤‡∏∞‡∏Ñ‡∏ß‡∏≤‡∏°‡∏≠‡∏¢‡∏≤‡∏Å‡∏°‡∏µ‡∏ó‡∏µ‡πà‡πÄ‡∏£‡∏µ‡∏¢‡∏ô‡∏Ç‡∏≠‡∏á‡∏Å‡∏π‡∏≠‡πà‡∏∞ ‡∏Å‡∏π‡πÄ‡∏•‡∏¢‡πÑ‡∏°‡πà‡∏≠‡∏¢‡∏≤‡∏Å‡πÑ‡∏õ‡∏™‡∏°‡∏±‡∏Ñ‡∏£‡∏£‡∏≠‡∏ö4 ‡πÅ‡∏ï‡πà‡∏Å‡πá‡πÄ‡∏™‡∏∑‡∏≠‡∏Å‡∏ö‡πà‡∏ô‡πÉ‡∏´‡πâ‡∏£‡∏≠‡∏ö3 ‡∏Å‡∏π ‡∏Å‡∏π‡πÄ‡∏≠‡πä‡∏á‡∏á‡∏á‡∏á!!!!!	neg
‡∏ï‡∏¥‡∏î‡πÅ‡∏•‡πâ‡∏ß‡πÄ‡∏î‡πâ‡∏≠‡∏≠‡∏≠‡∏≠ ‡∏ï‡∏¥‡∏î‡πÅ‡∏•‡πâ‡∏ß‡∏à‡πâ‡∏≤‡∏≤‡∏≤ ‡∏™‡∏ñ‡∏≤‡∏ô‡∏µ‡∏ï‡πà‡∏≠‡πÑ‡∏õ ‡∏Å‡∏π‡∏ï‡πâ‡∏≠‡∏á‡πÅ‡∏Å‡πâ‡∏ö‡∏ô!!!!	pos
‡∏ï‡∏¥‡∏î‡πÅ‡∏•‡πâ‡∏ß‡∏ß‡∏ß‡∏ß‡∏ß‡∏ß‡∏ß‡∏ß‡∏ß‡∏ß‡∏Ç‡∏≠‡∏ö‡∏Ñ‡∏∏‡∏ì‡∏°‡∏≤‡∏Å‡∏ô‡∏∞‡∏Ñ‡∏∞ 	pos
‡∏ï‡∏¥‡∏î‡πÅ‡∏•‡πâ‡∏ß‡∏ß‡∏ß‡∏ß‡∏ß‡∏ß‡∏ß ‡∏î‡∏µ‡πÉ‡∏à‡∏ó‡∏µ‡πà‡∏ï‡∏±‡∏ß‡πÄ‡∏≠‡∏á‡∏¢‡∏±‡∏á‡∏´‡∏ô‡πâ‡∏≤‡∏î‡πâ‡∏≤‡∏ô‡∏¢‡∏∑‡πà‡∏ô‡∏ï‡πà‡∏≠‡∏à‡∏ô‡∏ï‡∏¥‡∏î	pos
‡∏ï‡∏¥‡∏î‡∏°‡∏®‡∏ß ‡πÅ‡∏•‡πâ‡∏ß‡∏ô‡∏∞ ‡∏Æ‡∏∑‡πà‡∏≠‡∏≠‡∏≠‡∏≠ ‡∏î‡∏µ‡πÉ‡∏à‡∏à‡∏à‡∏à‡∏à	pos
‡∏ï‡∏≠‡∏ô‡πÅ‡∏£‡∏Å‡∏Å‡πá‡πÑ‡∏°‡πà‡∏Ñ‡πà‡∏≠‡∏¢‡πÄ‡∏Ñ‡∏£‡∏µ‡∏¢‡∏î‡∏´‡∏£‡∏≠‡∏Å ‡∏ï‡∏≠‡∏ô‡∏ô‡∏µ‡πâ‡πÄ‡∏£‡∏¥‡πà‡∏°‡πÄ‡∏Ñ‡∏£‡∏µ‡∏¢‡∏î‡πÅ‡∏•‡πâ‡∏ß‡∏à‡πâ‡∏≤üò≠üò≠	neg
‡∏ï‡∏≠‡∏ô‡∏ô‡∏µ‡πâ‡∏£‡∏≠‡∏õ‡∏£‡∏∞‡∏Å‡∏≤‡∏®‡∏ú‡∏•‡∏à‡∏ô‡∏ü‡∏∏‡πà‡∏á‡∏ã‡∏≤‡∏ô‡∏•‡πà‡∏∞ ‡∏ô‡∏≤‡∏ô‡πÄ‡∏Å‡∏¥‡πâ‡∏ô‡πÅ‡∏ñ‡∏°‡πÑ‡∏°‡πà‡∏£‡∏π‡πâ‡∏ß‡πà‡∏≤‡∏à‡∏∞‡∏ó‡∏≥‡πÑ‡∏£‡∏î‡πâ‡∏ß‡∏¢ ‡πÅ‡∏°‡∏£‡πà‡∏á‡∏†‡∏≤‡∏ß‡∏ô‡∏≤‡πÉ‡∏´‡πâ‡πÅ‡∏ï‡πà‡∏ñ‡∏∂‡∏á‡∏ß‡∏±‡∏ô‡∏ó‡∏µ‡πà 29 ‡πÄ‡∏£‡πá‡∏ß‡πÜ ‡πÅ‡∏°‡∏£‡πà‡∏á‡πÇ‡∏Ñ‡∏£‡∏ï‡∏≠‡∏∂‡∏î‡∏≠‡∏±‡∏î‡πÄ‡∏•‡∏¢	neg
‡∏ï‡∏≠‡∏ô‡∏ô‡∏µ‡πâ‡∏Ñ‡∏∑‡∏≠‡πÄ‡∏Ñ‡∏£‡∏µ‡∏¢‡∏î‡πÄ‡∏£‡∏∑‡πà‡∏≠‡∏á‡∏™‡∏±‡∏°‡∏†‡∏≤‡∏©‡∏ì‡πå ‡∏Ñ‡∏∑‡∏≠‡∏ñ‡πâ‡∏≤‡∏ú‡πà‡∏≤‡∏ô ‡∏Å‡πá‡∏î‡∏µ‡πÑ‡∏õ ‡πÅ‡∏ï‡πà‡∏ñ‡πâ‡∏≤‡πÑ‡∏°‡πà‡∏ú‡πà‡∏≤‡∏ô‡∏ô‡∏µ‡πà‡∏î‡∏¥ ‡∏à‡∏∞‡∏ó‡∏≥‡πÑ‡∏á‡∏ß‡∏∞ ‡πÑ‡∏´‡∏ô‡∏à‡∏∞‡∏ß‡∏≤‡∏á‡πÅ‡∏ú‡∏ô‡πÄ‡∏£‡∏∑‡πà‡∏≠‡∏á‡∏≠‡∏±‡∏ô‡∏î‡∏±‡∏ö ‡πÅ‡∏•‡πâ‡∏ß‡∏ñ‡πâ‡∏≤‡πÄ‡∏Ç‡πâ‡∏≤‡πÑ‡∏õ‡∏™‡∏°‡∏±‡∏Ñ‡∏£‡∏•‡∏∞‡πÄ‡∏ß‡πá‡∏ö‡∏•‡πà‡∏° ‡πÄ‡∏´‡πâ‡∏≠‡∏≠ ‡πÄ‡∏Ñ‡∏£‡∏µ‡∏¢‡∏î ‡∏ó‡∏≥‡πÑ‡∏°‡πÄ‡∏î‡πá‡∏Å61‡∏°‡∏±‡∏ô‡πÄ‡∏Ñ‡∏£‡∏µ‡∏¢‡∏î‡∏Ç‡∏ô‡∏≤‡∏î‡∏ô‡∏µ‡πâ ‡∏£‡∏∞‡∏ö‡∏ö‡πÄ‡∏´‡∏µ‡πâ‡∏¢‡∏ô‡∏µ‡πà‡πÅ‡∏´‡∏•‡∏∞‡∏ó‡∏≥‡πÉ‡∏´‡πâ‡∏Å‡∏π‡∏•‡∏∏‡∏Å‡πÑ‡∏õ‡πÑ‡∏´‡∏ô‡πÑ‡∏°‡πà‡πÑ‡∏î‡πâ ‡∏•‡∏∏‡πâ‡∏ô‡∏ï‡∏•‡∏≠‡∏î‡πÄ‡∏ß‡∏•‡∏≤ ‡πÄ‡∏´‡∏ô‡∏∑‡πà‡∏≠‡∏¢‡πÇ‡∏ß‡πâ‡∏¢‡∏¢‡∏¢!!!!	neg
‡∏î‡∏µ‡πÉ‡∏à‡∏°‡∏≤‡∏Å‡∏Å‡∏Å‡∏Å‡∏Å‡∏Å‡∏Å ‡∏†‡∏π‡∏°‡∏¥‡πÉ‡∏à‡πÉ‡∏ô‡∏ï‡∏±‡∏ß‡πÄ‡∏≠‡∏á‡∏≠‡πà‡∏∞ ‚ù§Ô∏è ‡∏Ç‡∏≠‡∏ö‡∏Ñ‡∏∏‡∏ì‡∏ó‡∏µ‡πà‡∏™‡∏π‡πâ‡∏°‡∏≤‡∏ô‡∏∞ ‡∏Ç‡∏≠‡∏ö‡∏Ñ‡∏∏‡∏ì‡∏ó‡∏∏‡∏Å‡∏Å‡∏≥‡∏•‡∏±‡∏á‡πÉ‡∏à‡∏ó‡∏∏‡∏Å‡∏Ñ‡∏ß‡∏≤‡∏°‡∏ä‡πà‡∏ß‡∏¢‡πÄ‡∏´‡∏•‡∏∑‡∏≠ ‡∏ô‡πâ‡∏≥‡∏ï‡∏≤‡πÑ‡∏´‡∏•‡πÄ‡∏•‡∏¢ 	pos
‡∏î‡∏µ‡πÉ‡∏à‡∏î‡πâ‡∏ß‡∏¢‡∏Å‡∏±‡∏ö‡∏Ñ‡∏ô‡∏ó‡∏µ‡πà‡∏ï‡∏¥‡∏î‡πÅ‡∏•‡πâ‡∏ß ‡∏£‡∏±‡∏Å‡∏ó‡∏∏‡∏Å‡∏Ñ‡∏ô‡∏°‡∏≤‡∏Å‡πÜ ‡∏û‡∏¢‡∏≤‡∏¢‡∏≤‡∏°‡∏Å‡∏±‡∏ô‡∏°‡∏≤‡∏°‡∏≤‡∏Å ‡∏ú‡πà‡∏≤‡∏ô‡∏≠‡∏∞‡πÑ‡∏£‡∏Å‡∏±‡∏ô‡∏°‡∏≤‡πÄ‡∏Ç‡πâ‡∏≤‡πÉ‡∏à‡∏Ñ‡∏ß‡∏≤‡∏°‡∏£‡∏π‡πâ‡∏™‡∏∂‡∏Å‡∏ó‡∏∏‡∏Å‡∏Ñ‡∏ô ‡∏£‡∏π‡πâ‡∏™‡∏∂‡∏Å‡∏ñ‡∏∂‡∏á‡∏Ñ‡∏ß‡∏≤‡∏°‡πÄ‡∏õ‡πá‡∏ô‡πÄ‡∏û‡∏∑‡πà‡∏≠‡∏ô‡∏ó‡∏µ‡πà‡∏ï‡πâ‡∏≠‡∏™‡∏π‡πâ‡∏Å‡∏±‡∏ô‡∏°‡∏≤ ‡∏£‡∏≠‡πÄ‡∏£‡∏≤‡∏´‡∏ô‡πà‡∏≠‡∏¢‡∏ô‡∏∞ ‡∏£‡∏≠‡∏ö4‡∏°‡∏±‡∏ô‡∏à‡∏∞‡πÄ‡∏õ‡πá‡∏ô‡∏Ç‡∏≠‡∏á‡πÄ‡∏£‡∏≤ ‡∏Ç‡∏≠‡πÉ‡∏´‡πâ #dek61 ‡∏ï‡∏¥‡∏î‡∏Ñ‡∏ì‡∏∞‡∏ó‡∏µ‡πà‡∏ä‡∏≠‡∏ö ‡∏°‡∏´‡∏≤‡∏•‡∏±‡∏¢‡∏ó‡∏µ‡πà‡∏´‡∏ß‡∏±‡∏á‡πÑ‡∏ß‡πâ‡∏ô‡∏∞ #TCAS‡∏£‡∏≠‡∏ö4 üôèüèª .‡πÄ‡∏£‡∏≤‡∏à‡∏∞‡πÑ‡∏°‡πà‡πÇ‡∏î‡∏ô‡πÄ‡∏ó‡∏£‡∏≠‡∏ö4	pos
‡∏î‡∏µ‡πÉ‡∏à‡∏à‡∏°‡∏≤‡∏Å‡∏Å‡∏Å ‡∏Æ‡∏£‡∏∑‡∏≠‡∏≠ ‡πÑ‡∏î‡πâ‡πÉ‡∏ä‡πâ‡πÅ‡∏ó‡πá‡∏Å‡∏ô‡∏µ‡πâ‡∏™‡∏±‡∏Å‡∏ó‡∏µ üò≠üò≠üò≠	pos
‡∏î‡∏µ‡πÉ‡∏à‡∏Å‡∏±‡∏ö‡∏ô‡πâ‡∏≠‡∏á‡πÜ‡∏ó‡∏∏‡∏Å‡∏Ñ‡∏ô‡∏ó‡∏µ‡πà‡∏ï‡∏¥‡∏î‡∏ß‡∏¥‡∏®‡∏ß‡∏∞ ‡∏à‡∏∏‡∏¨‡∏≤‡∏Ø ‡∏î‡πâ‡∏ß‡∏¢‡∏Ñ‡πà‡∏∞	pos
‡∏î‡∏µ‡πÉ‡∏à‡∏Å‡∏±‡∏ö‡∏Ñ‡∏ô‡∏ó‡∏µ‡πà‡∏ï‡∏¥‡∏î‡∏£‡∏≠‡∏ö 3/2‡∏î‡πâ‡∏ß‡∏¢‡∏ô‡∏∞‡∏Ñ‡∏∞ ‡πÉ‡∏Ñ‡∏£‡∏ó‡∏µ‡πà‡∏£‡∏≠‡πÅ‡∏≠‡∏î ‡∏´‡∏£‡∏∑‡∏≠‡∏ï‡∏¥‡∏î‡πÅ‡∏ï‡πà‡πÑ‡∏°‡πà‡∏ñ‡∏π‡∏Å‡πÉ‡∏à ‡∏≠‡∏î‡πÉ‡∏à‡∏£‡∏≠‡∏Å‡∏±‡∏ô‡∏≠‡∏µ‡∏Å‡∏ô‡∏¥‡∏î‡∏ô‡∏∞‡∏Ñ‡∏∞	pos
‡∏à‡∏≤‡∏Å‡πÄ‡∏û‡∏à‡∏≠.‡∏Ç‡∏•‡∏∏‡πà‡∏¢ ‡∏î‡∏µ‡πÉ‡∏à‡∏ó‡∏µ‡πà‡πÄ‡∏´‡πá‡∏ô‡πÄ‡∏û‡∏•‡∏á‡∏ô‡∏µ‡πâ‡πÉ‡∏´‡πâ‡∏Å‡∏≥‡∏•‡∏±‡∏á‡πÉ‡∏à‡∏Ñ‡∏ô‡πÑ‡∏î‡πâ‡∏à‡∏£‡∏¥‡∏á‡πÜ ‡∏™‡∏π‡πâ‡πÜ‡∏ô‡∏∞‡∏ô‡πâ‡∏≠‡∏á ‡∏°‡∏±‡∏ô‡∏≠‡∏≤‡∏à‡∏à‡∏∞‡πÄ‡∏´‡∏ô‡∏∑‡πà‡∏≠‡∏¢‡∏à‡∏ô‡∏ó‡πâ‡∏≠‡∏ö‡πâ‡∏≤‡∏á ‡πÅ‡∏ï‡πà‡∏™‡∏±‡∏Å‡∏ß‡∏±‡∏ô‡∏°‡∏±‡∏ô‡∏à‡∏∞‡πÄ‡∏õ‡πá‡∏ô‡∏ß‡∏±‡∏ô‡∏Ç‡∏≠‡∏á‡πÄ‡∏£‡∏≤ ‡∏û‡∏µ‡πà‡πÄ‡∏õ‡πá‡∏ô‡∏Å‡∏≥‡∏•‡∏±‡∏á‡πÉ‡∏à‡πÉ‡∏´‡πâ /‡∏Å‡∏≠‡∏î‡πÜ	pos
‡∏à‡∏£‡∏¥‡∏á‡πÜ‡∏ô‡∏∞ ‡∏Ñ‡∏∑‡∏≠‡πÑ‡∏°‡πà‡∏°‡∏µ‡πÉ‡∏Ñ‡∏£‡πÄ‡∏Ç‡πâ‡∏≤‡πÉ‡∏à #dek61 ‡πÄ‡∏ó‡πà‡∏≤‡∏û‡∏ß‡∏Å‡πÄ‡∏£‡∏≤‡∏Å‡∏±‡∏ô‡πÄ‡∏≠‡∏á‡πÅ‡∏•‡πâ‡∏ß‡∏≠‡∏∞ ‡∏≠‡∏¢‡∏≤‡∏Å‡∏ô‡∏±‡∏î‡∏ó‡∏∏‡∏Å‡∏Ñ‡∏ô‡πÑ‡∏õ‡∏¢‡∏∑‡πà‡∏ô‡∏Å‡∏≠‡∏î‡∏Ñ‡∏≠‡∏£‡πâ‡∏≠‡∏á‡πÑ‡∏´‡πâ55555555 ‡πÅ‡∏°‡πà‡∏á‡∏´‡∏ô‡∏±‡∏Å‡∏à‡∏£‡∏¥‡∏á ‡∏ß‡πà‡∏≤‡∏à‡∏∞‡πÑ‡∏°‡πà‡πÄ‡∏Ñ‡∏£‡∏µ‡∏¢‡∏î‡πÅ‡∏ï‡πà‡πÅ‡∏°‡πà‡∏á‡∏Å‡πá‡∏≠‡∏î‡πÑ‡∏°‡πà‡πÑ‡∏î‡πâ	neg
‡∏à‡∏ô‡∏ï‡∏≠‡∏ô‡∏ô‡∏µ‡πâ‡∏´‡∏ô‡∏π‡∏¢‡∏±‡∏á‡∏û‡∏¢‡∏≤‡∏¢‡∏≤‡∏°‡πÄ‡∏Ç‡πâ‡∏≤‡πÄ‡∏ß‡πá‡∏ö‡∏≠‡∏¢‡∏π‡πà ‡∏•‡πà‡∏°‡πÄ‡∏Å‡πà‡∏á‡∏≠‡∏µ‡∏î‡∏≠‡∏Å	neg
‡∏Ñ‡∏∑‡∏≠‡πÅ‡∏ö‡∏ö‡∏Ñ‡∏ß‡∏≤‡∏°‡∏£‡∏π‡πâ‡∏™‡∏∂‡∏Å‡πÅ‡∏°‡πà‡∏á‡πÇ‡∏Ñ‡∏£‡∏ï‡πÅ‡∏¢‡πà‡∏≠‡πà‡∏≤ ‡∏ï‡πâ‡∏≠‡∏á‡∏Ñ‡∏≠‡∏¢‡∏ï‡∏≠‡∏ö‡∏Ñ‡∏≥‡∏ñ‡∏≤‡∏°‡∏Ñ‡∏ô‡∏ô‡∏±‡πâ‡∏ô‡∏Ñ‡∏ô‡∏ô‡∏µ‡πâ‡πÇ‡∏ô‡πà‡∏ô‡∏ô‡∏±‡πà‡∏ô‡∏ô‡∏µ‡πà ‡πÇ‡∏≠‡πâ‡∏¢‡∏¢‡∏¢‡∏¢‡∏¢‡∏¢ ‡∏•‡∏∞‡∏ó‡∏µ‡πà‡∏™‡∏≥‡∏Ñ‡∏±‡∏ç‡∏•‡∏∞ ‡πÄ‡∏Ñ‡∏£‡∏µ‡∏¢‡∏î‡∏à‡∏ô‡∏õ‡∏£‡∏∞‡∏™‡∏≤‡∏ó‡∏à‡∏∞‡πÅ‡∏î‡∏Å‡∏Å‡∏Å‡∏Å‡πÑ‡∏°‡πÄ‡∏Å‡∏£‡∏ô!!! ‡∏Ñ‡∏∑‡∏≠‡∏´‡∏°‡∏î‡∏ï‡∏±‡∏á‡πÄ‡∏¢‡∏≠‡∏∞‡∏°‡∏≤‡∏Å‡∏≠‡πà‡∏≤‡∏Å‡∏±‡∏ö‡∏Ñ‡∏≥‡∏ß‡πà‡∏≤‡∏™‡∏°‡∏±‡∏Ñ‡∏£‡∏ô‡∏±‡πà‡∏ô‡∏ô‡∏µ‡πà ‡∏ö‡∏≤‡∏á‡∏ó‡∏µ‡πà‡∏ô‡∏∞‡πÅ‡∏°‡πà‡∏á‡∏ö‡∏≠‡∏Å‡∏£‡∏≠‡∏ö‡∏û‡∏≠‡∏ï‡πÜ‡πÑ‡∏°‡πà‡∏î‡∏π‡∏û‡∏≠‡∏ï‡∏î‡∏π‡πÄ‡∏Å‡∏£‡∏î!!! ‡πÄ‡∏Å‡∏£‡∏î‡∏ô‡πâ‡∏≠‡∏¢‡∏Å‡πâ‡∏≠‡πÅ‡∏û‡πâ‡πÑ‡∏õ ‡∏Ñ‡∏∑‡∏≠‡πÅ‡∏ö‡∏ö‡πÅ‡∏¢‡πà‡∏°‡∏≤‡∏Å‡∏≠‡πà‡∏≤ ‡∏´‡πà‡∏ß‡∏¢‡∏°‡∏≤‡∏Å‡πÄ‡∏•‡∏¢‡∏¢‡∏¢ ‡∏ö‡∏≤‡∏á‡∏Ñ‡∏ô‡∏Å‡πá‡∏£‡∏≠‡∏à‡∏ô‡∏£‡∏≤‡∏Å‡∏à‡∏∞‡∏≠‡∏≠‡∏Å‡∏Å‡πâ‡∏ô ‡∏Ñ‡∏∑‡∏≠‡πÅ‡∏ö‡∏ö‡∏Ñ‡∏¥‡∏î‡∏°‡∏≤‡∏Å‡πÑ‡∏á ‡∏Å‡∏π‡∏à‡∏∞‡∏°‡∏µ‡∏ó‡∏µ‡πà‡πÄ‡∏£‡∏µ‡∏¢‡∏ô‡∏õ‡πà‡∏≤‡∏ß‡∏ß‡∏∞ ‡∏Å‡∏π‡∏≠‡∏¢‡∏≤‡∏Å‡πÄ‡∏£‡∏µ‡∏¢‡∏ô‡∏≠‡∏±‡∏ô‡∏ô‡∏µ‡πà‡∏ä‡∏≠‡∏ö‡∏≠‡∏±‡∏ô‡∏ô‡∏µ‡πâ‡πÅ‡∏ï‡πà‡πÑ‡∏°‡πà‡πÑ‡∏î‡πâ‡∏´‡∏ß‡∏∞ ‡∏á‡∏±‡πâ‡∏ô‡∏á‡∏µ‡πâ ‡∏™‡∏≤‡∏£‡∏û‡∏±‡∏î‡∏õ‡∏±‡∏ç‡∏´‡∏≤ ‡∏à‡∏ô‡∏ï‡∏≠‡∏ô‡∏ô‡∏µ‡πâ‡∏Å‡∏π‡∏Å‡πá‡∏¢‡∏±‡∏á‡πÑ‡∏°‡πà‡∏°‡∏µ‡∏ó‡∏µ‡πà‡πÄ‡∏£‡∏µ‡∏¢‡∏ô ‡πÑ‡∏°‡πà‡∏°‡∏µ‡πÇ‡∏≠‡∏Å‡∏≤‡∏™‡πÅ‡∏Å‡πâ‡∏ï‡∏±‡∏ß ‡∏û‡∏•‡∏≤‡∏î‡∏Ñ‡∏∑‡∏≠‡∏û‡∏•‡∏≤‡∏î ‡∏Å‡∏π‡∏¢‡∏≤‡∏Å‡∏ó‡∏µ‡πà‡∏à‡∏∞‡∏≠‡∏ò‡∏¥‡∏ö‡∏≤‡∏¢ #‡πÄ‡∏´‡∏ô‡∏∑‡πà‡∏≠‡∏¢‡∏™‡∏±‡∏™	neg
‡∏Ñ‡∏∑‡∏≠‡πÄ‡∏°‡∏∑‡πà‡∏≠‡∏Ñ‡∏∑‡∏ô‡∏ù‡∏±‡∏ô‡∏î‡∏µ‡∏°‡∏≤‡∏Å ‡∏ù‡∏±‡∏ô‡∏ß‡πà‡∏≤‡πÑ‡∏î‡πâ‡πÉ‡∏™‡πà‡∏ä‡∏∏‡∏î‡∏ô‡∏¥‡∏™‡∏¥‡∏ï ‡∏•‡∏∞‡∏°‡∏µ‡∏≠‡∏ß‡∏î‡∏Ñ‡∏ô‡∏≠‡∏∑‡πà‡∏ô‡∏≠‡πà‡∏∞ ‡∏£‡∏π‡πâ‡πÄ‡∏•‡∏¢‡∏ß‡πà‡∏≤‡∏ï‡∏≠‡∏ô‡∏ô‡∏µ‡πâ‡∏ï‡∏±‡∏ß‡πÄ‡∏≠‡∏á‡πÄ‡∏Ñ‡∏£‡∏µ‡∏¢‡∏î‡πÅ‡∏•‡∏∞‡∏´‡∏ß‡∏±‡∏á‡πÑ‡∏ß‡πâ‡∏™‡∏π‡∏á‡∏°‡∏≤‡∏Å	neg
‡∏Ñ‡∏∑‡∏≠‡∏î‡∏µ‡πÉ‡∏à‡∏´‡∏ô‡∏±‡∏Å‡∏°‡∏≤‡∏Å ‡πÅ‡∏ö‡∏ö‡πÑ‡∏°‡πà‡∏ï‡∏¥‡∏î‡∏Å‡πá‡πÑ‡∏°‡πà‡∏£‡∏π‡πâ‡∏à‡∏∞‡∏ï‡πà‡∏≠‡πÑ‡∏´‡∏ô‡πÅ‡∏•‡πâ‡∏ß‡∏≠‡∏∞ ‡πÄ‡∏Ñ‡∏£‡∏µ‡∏¢‡∏î‡∏Å‡∏±‡∏ô‡∏ó‡∏±‡πâ‡∏á‡∏ö‡πâ‡∏≤‡∏ô ‡∏û‡∏≠‡∏™‡∏≠‡∏ö‡∏ï‡∏¥‡∏î‡πÄ‡∏ó‡πà‡∏≤‡∏ô‡∏±‡πâ‡∏ô‡πÅ‡∏´‡∏•‡πà‡∏∞ ‡πÅ‡∏Æ‡∏õ‡∏õ‡∏µ‡πâ‡∏¢‡∏¥‡πâ‡∏°‡πÅ‡∏Å‡πâ‡∏°‡πÅ‡∏ï‡∏Å‡∏Å‡∏±‡∏ô‡∏ó‡∏±‡πâ‡∏á‡∏Ñ‡∏£‡∏≠‡∏ö‡∏Ñ‡∏£‡∏±‡∏ß‡πÑ‡∏õ‡πÄ‡∏•‡∏¢‡∏à‡πâ‡∏≤	pos
‡∏Ñ‡∏∞‡πÅ‡∏ô‡∏ô‡∏ô‡πâ‡∏≠‡∏¢ ‡πÑ‡∏°‡πà‡∏ñ‡∏∂‡∏á‡πÄ‡∏Å‡∏ì‡∏ë‡πå‡πÅ‡∏ï‡πà‡∏Å‡πá‡∏´‡∏ô‡πâ‡∏≤‡∏î‡πâ‡∏≤‡∏ô‡∏¢‡∏∑‡πà‡∏ô‡∏≠‡∏∞‡πÄ‡∏≠‡πâ‡∏≠‡∏≠ üòÇ	neg
‡∏Ñ‡∏ß‡∏≤‡∏°‡∏´‡πà‡∏ß‡∏¢‡πÅ‡∏ï‡∏Å‡∏Ç‡∏≠‡∏á‡∏£‡∏∞‡∏ö‡∏ö‡πÉ‡∏ô‡∏õ‡∏µ‡∏ô‡∏µ‡πâ‡πÑ‡∏°‡πà‡πÉ‡∏ä‡πà‡πÅ‡∏Ñ‡πà‡∏£‡∏∞‡∏ö‡∏ö‡∏£‡∏ß‡∏ô ‡πÄ‡∏ß‡πá‡∏ö‡∏•‡πà‡∏° ‡πÄ‡∏î‡πá‡∏Å‡∏Å‡∏±‡πä‡∏Å‡∏ó‡∏µ‡πà‡∏Å‡∏±‡∏ô‡πÄ‡∏¢‡∏≠‡∏∞ ‡πÅ‡∏ï‡πà‡∏Å‡∏≤‡∏£‡∏ó‡∏µ‡πà‡∏£‡∏∞‡∏ö‡∏ö‡∏´‡πà‡∏ß‡∏¢‡πÅ‡∏ö‡∏ö‡∏ô‡∏µ‡πâ‡∏à‡∏∞‡∏™‡πà‡∏á‡∏ú‡∏•‡πÉ‡∏´‡πâ‡πÄ‡∏î‡πá‡∏Å‡πÉ‡∏ô‡∏õ‡∏µ‡∏ô‡∏µ‡πâ‡∏´‡∏•‡∏≤‡∏¢‡∏û‡∏±‡∏ô‡∏Ñ‡∏ô‡∏¢‡∏≠‡∏°‡∏à‡∏∞‡∏ó‡∏¥‡πâ‡∏á‡∏Ñ‡∏ß‡∏≤‡∏°‡∏ù‡∏±‡∏ô‡∏ï‡∏±‡∏ß‡πÄ‡∏≠‡∏á‡πÄ‡∏û‡∏∑‡πà‡∏≠‡πÅ‡∏•‡∏Å‡∏Å‡∏±‡∏ö‡∏Ñ‡∏ß‡∏≤‡∏°‡∏™‡∏ö‡∏≤‡∏¢‡πÉ‡∏à‡∏ß‡πà‡∏≤‡∏°‡∏µ‡∏ó‡∏µ‡πà‡πÄ‡∏£‡∏µ‡∏¢‡∏ô ‡πÅ‡∏•‡∏∞‡∏°‡∏±‡∏ô‡∏à‡∏∞‡∏™‡πà‡∏á‡∏ú‡∏•‡πÄ‡∏õ‡πá‡∏ô‡πÇ‡∏î‡∏°‡∏¥‡πÇ‡∏ô‡πà‡πÑ‡∏õ‡∏ñ‡∏∂‡∏á‡∏£‡∏∏‡πà‡∏ô‡∏ï‡πà‡∏≠‡πÜ‡πÑ‡∏õ‡∏≠‡∏µ‡∏Å ‡∏û‡∏¥‡∏à‡∏≤‡∏£‡∏ì‡∏≤‡∏ï‡∏±‡∏ß‡πÄ‡∏≠‡∏á‡πÑ‡∏î‡πâ‡πÅ‡∏•‡πâ‡∏ß‡∏ô‡∏∞‡∏ó‡∏õ‡∏≠. 	neg
‡∏Ñ‡∏ô‡∏ó‡∏µ‡πà‡πÑ‡∏î‡πâ‡πÄ‡∏£‡∏µ‡∏¢‡∏ô‡∏Ñ‡∏ì‡∏∞‡∏ó‡∏µ‡πà‡∏™‡∏°‡∏´‡∏ß‡∏±‡∏á‡πÅ‡∏•‡πâ‡∏ß ‡∏û‡πà‡∏≠‡πÅ‡∏°‡πà‡πÄ‡∏´‡πá‡∏ô‡∏î‡πâ‡∏ß‡∏¢ ‡∏û‡πà‡∏≠‡πÅ‡∏°‡πà‡∏™‡∏ô‡∏±‡∏ö‡∏™‡∏ô‡∏∏‡∏ô ‡∏î‡∏µ‡πÉ‡∏à‡∏î‡πâ‡∏ß‡∏¢‡∏ô‡∏∞ ‡∏ï‡∏±‡πâ‡∏á‡πÉ‡∏à‡πÄ‡∏£‡∏µ‡∏¢‡∏ô‡∏ô‡∏∞ ‡∏Ñ‡∏∏‡∏ì‡πÇ‡∏ä‡∏Ñ‡∏î‡∏µ‡∏°‡∏≤‡∏Å‡πÅ‡∏•‡πâ‡∏ß‡∏ó‡∏µ‡πà‡∏û‡πà‡∏≠‡πÅ‡∏°‡πà‡πÄ‡∏Ñ‡πâ‡∏≤‡πÄ‡∏Ç‡πâ‡∏≤‡πÉ‡∏à‡∏Ñ‡∏∏‡∏ì ‡∏ó‡∏µ‡πà‡∏û‡πà‡∏≠‡πÅ‡∏°‡πà‡∏™‡∏ô‡∏±‡∏ö‡∏™‡∏ô‡∏∏‡∏ô‡∏Ñ‡∏∏‡∏ì ‡∏°‡∏±‡∏ô‡∏î‡∏µ‡∏ó‡∏µ‡πà‡∏™‡∏∏‡∏î‡πÅ‡∏•‡πâ‡∏ß‡∏•‡πà‡∏∞	pos
‡∏Ç‡∏≥‡πÑ‡∏°‡πà‡∏≠‡∏≠‡∏Å‡πÅ‡∏ï‡πà‡∏≠‡∏¢‡∏≤‡∏Å‡∏Ç‡∏≥‡πÅ‡∏•‡∏∞‡∏ô‡∏≠‡∏ô‡∏ô‡πâ‡∏≥‡∏ï‡∏≤‡∏£‡πà‡∏ß‡∏á‡∏≠‡∏¢‡∏π‡πà	neg
‡∏Ç‡∏≠‡πÉ‡∏´‡πâ‡∏ï‡∏¥‡∏î ‡πÄ‡∏†‡∏™‡∏±‡∏ä ‡∏°‡∏Ç ‡∏™‡∏≤‡∏ò‡∏∏~üôèüôèüôè ‡∏î‡∏±‡∏á‡∏ô‡∏±‡πâ‡∏ô‡∏Ñ‡∏ß‡∏£‡∏≠‡πà‡∏≤‡∏ô‡∏´‡∏ô‡∏±‡∏á‡∏™‡∏∑‡∏≠‡πÑ‡∏î‡πâ‡πÅ‡∏•‡πâ‡∏ß‡∏ô‡∏∞~ ‡πÄ‡∏´‡∏•‡∏∑‡∏≠‡πÄ‡∏ß‡∏•‡∏≤‡πÑ‡∏°‡πà‡∏ô‡∏≤‡∏ô‡πÅ‡∏•‡πâ‡∏ß‡∏ô‡∏∞ ‡∏™‡∏π‡πâ‡πÜ!!	pos
‡∏Ç‡∏≠‡∏ö‡∏Ñ‡∏∏‡∏ì‡∏°‡∏Ç.‡∏ó‡∏µ‡πà‡πÑ‡∏°‡πà‡πÄ‡∏ó‡πÄ‡∏£‡∏≤ ‡∏°‡∏µ‡∏ó‡∏µ‡πà‡πÄ‡∏£‡∏µ‡∏¢‡∏ô‡πÅ‡∏•‡πâ‡∏ß‡πÇ‡∏ß‡πâ‡∏¢‡∏¢‡∏¢‡∏¢‡∏¢‡∏¢‡∏¢	pos
‡∏Ç‡∏≠‡∏ö‡∏Ñ‡∏∏‡∏ì‡∏ó‡∏∏‡∏Å‡∏ù‡πà‡∏≤‡∏¢‡∏à‡∏£‡∏¥‡∏á‡πÜ‡∏ó‡∏±‡πâ‡∏á‡∏ó‡∏õ‡∏≠. ‡∏ó‡∏±‡πâ‡∏á‡πÄ‡∏î‡πá‡∏Å61‡∏ú‡∏π‡πâ‡∏õ‡∏Å‡∏Ñ‡∏£‡∏≠‡∏á‡πÄ‡∏î‡πá‡∏Å‡∏ó‡∏∏‡∏Å‡∏ù‡πà‡∏≤‡∏¢‡∏ó‡∏µ‡πà‡∏¢‡∏∑‡πà‡∏ô‡πÄ‡∏£‡∏∑‡πà‡∏≠‡∏á‡πÉ‡∏´‡πâ‡∏°‡∏µ‡∏£‡∏≠‡∏ö3.2 ‡∏ñ‡πâ‡∏≤‡πÑ‡∏°‡πà‡∏°‡∏µ‡∏£‡∏≠‡∏ö‡∏ô‡∏µ‡πâ‡πÄ‡∏£‡∏≤‡∏Ñ‡∏á‡πÑ‡∏°‡πà‡∏ï‡∏¥‡∏î‡πÅ‡∏á‡πâ ‡∏î‡∏µ‡πÉ‡∏à‡∏°‡∏≤‡∏Å ‚ù§Ô∏è	pos
‡∏Ç‡∏≠‡∏ö‡∏Ñ‡∏∏‡∏ì ‡∏°‡∏Ç ‡∏°‡∏≤‡∏Å‡πÜ‡∏ô‡∏∞‡∏Ñ‡∏∞ ‡∏ó‡∏µ‡πà‡∏£‡∏±‡∏Å‡πÄ‡∏£‡∏≤‚ù§‚ù§‚ù§‡∏°‡∏±‡∏ô‡πÄ‡∏Å‡∏¥‡∏ô‡∏Ñ‡∏ß‡∏≤‡∏°‡∏Ñ‡∏≤‡∏î‡∏´‡∏°‡∏≤‡∏¢‡∏°‡∏≤‡∏Å‡πÜ ‡πÄ‡∏£‡∏≤‡∏ï‡∏¥‡∏î 4 ‡∏≠‡∏±‡∏ô‡∏ó‡∏µ‡πà‡∏¢‡∏∑‡πà‡∏ô‡πÑ‡∏õ‡∏´‡∏°‡∏î‡πÄ‡∏•‡∏¢	pos
‡∏Ç‡∏≠‡∏ö‡∏Ñ‡∏∏‡∏ì #TCAS61 ‡∏ó‡∏µ‡πà‡∏ó‡∏≥‡πÉ‡∏´‡πâ‡∏Ñ‡∏ô‡πÜ‡∏ô‡∏∂‡∏á‡∏ó‡∏µ‡πà‡πÑ‡∏°‡πà‡πÄ‡∏Ñ‡∏¢‡∏£‡∏≠‡∏≠‡∏∞‡πÑ‡∏£‡πÑ‡∏î‡πâ‡∏ô‡∏≤‡∏ô‡πÑ‡∏î‡πâ‡∏£‡∏π‡πâ‡∏ß‡πà‡∏≤‡∏Å‡∏≤‡∏£‡∏£‡∏≠‡∏Ñ‡∏≠‡∏¢‡∏ó‡∏µ‡πà‡πÅ‡∏™‡∏ô‡∏¢‡∏≤‡∏ß‡∏ô‡∏≤‡∏ô‡∏°‡∏±‡∏ô‡∏ó‡∏£‡∏°‡∏≤‡∏ô‡∏°‡∏≤‡∏Å‡∏Ç‡∏ô‡∏≤‡∏î‡πÑ‡∏´‡∏ô ‡∏Ç‡∏≠‡∏ö‡∏Ñ‡∏∏‡∏ì‡∏à‡∏£‡∏¥‡∏á‡πÜüòªüôèüôè 	pos
‡∏Å‡∏≤‡∏£‡πÄ‡∏•‡∏∑‡∏≠‡∏Å‡∏°‡∏´‡∏≤‡∏ß‡∏¥‡∏ó‡∏¢‡∏≤‡∏•‡∏±‡∏¢‡∏ß‡πà‡∏≤‡∏¢‡∏≤‡∏Å‡πÅ‡∏•‡πâ‡∏ß ‡∏Ñ‡∏ì‡∏∞‡∏ó‡∏µ‡πà‡∏à‡∏∞‡πÄ‡∏•‡∏∑‡∏≠‡∏Å‡πÉ‡∏´‡πâ‡∏°‡∏±‡∏ô‡∏û‡∏≠‡∏î‡∏µ‡∏Å‡∏±‡∏ö‡∏Ñ‡∏∞‡πÅ‡∏ô‡∏ô‡πÄ‡∏£‡∏≤‡∏ô‡∏±‡πâ‡∏ô‡∏¢‡∏≤‡∏Å‡∏¢‡∏¥‡πà‡∏á‡∏Å‡∏ß‡πà‡∏≤ üò≠üòÇ 	neg
‡∏Å‡∏£‡∏µ‡πâ‡∏î ‡∏î‡∏µ‡πÉ‡∏à‡πÇ‡∏ß‡πâ‡∏¢‡∏¢‡∏¢‡∏¢ 	pos
dek61 ‡∏ó‡∏µ‡πà‡∏ï‡πâ‡∏≠‡∏á‡∏™‡∏±‡∏°‡∏†‡∏≤‡∏©‡∏ì‡πå‡πÉ‡∏ô‡∏ß‡∏±‡∏ô‡∏û‡∏£‡∏∏‡πà‡∏á‡∏ô‡∏µ‡πâ‡πÅ‡∏•‡∏∞‡∏°‡∏∞‡∏£‡∏∑‡∏ô‡∏ô‡∏µ‡πâ ‡∏™‡∏¥‡πà‡∏á‡∏ó‡∏µ‡πà‡∏≠‡∏¢‡∏≤‡∏Å‡∏à‡∏∞‡∏ù‡∏≤‡∏Å‡∏Ñ‡∏∑‡∏≠‡∏û‡∏¢‡∏≤‡∏¢‡∏≤‡∏°‡∏ï‡∏±‡∏î‡∏Ñ‡∏ß‡∏≤‡∏°‡∏Å‡∏±‡∏á‡∏ß‡∏• ‡∏ï‡∏±‡∏î‡∏Ñ‡∏ß‡∏≤‡∏°‡∏Ñ‡∏¥‡∏î‡∏ß‡πà‡∏≤‡πÄ‡∏£‡∏≤‡∏à‡∏∞‡πÑ‡∏°‡πà‡∏ï‡∏¥‡∏î ‡πÄ‡∏ï‡∏£‡∏µ‡∏¢‡∏°‡∏ï‡∏±‡∏ß‡πÉ‡∏´‡πâ‡∏û‡∏£‡πâ‡∏≠‡∏° ‡πÄ‡∏≠‡∏Å‡∏™‡∏≤‡∏£‡πÉ‡∏´‡πâ‡∏Ñ‡∏£‡∏ö ‡∏¢‡∏¥‡πâ‡∏°‡πÄ‡∏Ç‡πâ‡∏≤‡πÑ‡∏ß‡πâ ‡∏°‡∏∑‡∏≠‡πÑ‡∏°‡πâ‡∏≠‡∏¢‡πà‡∏≤‡πÅ‡∏Ç‡πá‡∏á ‡∏´‡πâ‡∏≤‡∏°‡πÄ‡∏´‡∏ß‡∏µ‡πà‡∏¢‡∏á‡πÉ‡∏™‡πà‡∏≠‡∏≤‡∏à‡∏≤‡∏£‡∏¢‡πå ‡∏™‡∏ö‡∏ï‡∏≤‡∏ï‡∏≠‡∏ö‡∏î‡πâ‡∏ß‡∏¢‡∏Ñ‡∏ß‡∏≤‡∏°‡∏à‡∏£‡∏¥‡∏á‡πÉ‡∏à ‡πÇ‡∏≠‡∏Å‡∏≤‡∏™‡∏≠‡∏¢‡∏π‡πà‡πÉ‡∏ô‡∏°‡∏∑‡∏≠‡∏ô‡πâ‡∏≠‡∏á‡πÜ‡πÅ‡∏•‡πâ‡∏ß ‡∏ó‡∏≥‡πÉ‡∏´‡πâ‡∏î‡∏µ‡∏ó‡∏µ‡πà‡∏™‡∏∏‡∏î‡∏Ñ‡∏£‡∏±‡∏ö ‡∏û‡∏µ‡πà‡πÄ‡∏õ‡πá‡∏ô‡∏Å‡∏≥‡∏•‡∏±‡∏á‡πÉ‡∏à‡πÉ‡∏´‡πâ üí™üèº	pos
Dek61‡∏£‡∏∏‡πà‡∏ô‡∏ô‡∏µ‡πâ‡πÄ‡∏™‡∏µ‡∏¢‡πÄ‡∏õ‡∏£‡∏µ‡∏¢‡∏ö‡πÄ‡∏´‡πá‡∏ô‡πÜ‡∏≠‡πà‡∏∞ ‡∏Å‡∏ß‡πà‡∏≤‡∏à‡∏∞‡∏ï‡∏¥‡∏î‡∏Å‡πá‡∏Ñ‡∏£‡∏∂‡πà‡∏á‡∏Ñ‡πà‡∏≠‡∏ô‡∏õ‡∏µ ‡∏à‡∏∞‡∏ã‡∏¥‡πà‡∏ß‡∏Å‡πá‡πÑ‡∏°‡πà‡πÑ‡∏î‡πâ‡∏≠‡∏µ‡∏Å ‡πÄ‡∏û‡∏£‡∏≤‡∏∞ ‡πÄ‡∏ï‡∏£‡∏µ‡∏¢‡∏°‡∏ï‡∏±‡∏ß‡πÑ‡∏°‡πà‡∏ó‡∏±‡∏ô ‡∏°‡∏µ‡πÉ‡∏Ñ‡∏£‡πÉ‡∏´‡∏±‡∏°‡∏≤‡∏Å‡∏Å‡∏ß‡πà‡∏≤‡∏ô‡∏µ‡πâ‡∏≠‡∏µ‡∏Å‡∏°‡∏±‡πâ‡∏¢‡∏Ñ‡∏∞	neg
"‡πÅ‡∏Ñ‡πà‡∏Ñ‡∏ì‡∏∞‡∏ô‡∏µ‡πâ‡πÄ‡∏≠‡∏á" ‡∏ó‡∏≥‡πÑ‡∏°‡∏•‡πà‡∏∞ ‡∏ó‡∏≥‡πÑ‡∏° ‡πÅ‡∏Ñ‡πà‡∏ô‡∏µ‡πâ‡∏Ç‡∏≠‡∏á‡∏Ñ‡∏∏‡∏ì ‡∏°‡∏±‡∏ô‡πÅ‡∏°‡πà‡∏á‡πÄ‡∏õ‡πá‡∏ô‡∏™‡∏∏‡∏î‡∏¢‡∏≠‡∏î‡∏Ç‡∏≠‡∏á‡πÄ‡∏£‡∏≤‡πÄ‡∏ß‡πâ‡∏¢ ‡∏≠‡∏¢‡πà‡∏≤‡∏°‡∏≤‡∏î‡∏π‡∏ñ‡∏π‡∏Å‡∏Ñ‡∏ß‡∏≤‡∏°‡∏ä‡∏≠‡∏ö‡∏Ç‡∏≠‡∏á‡∏Ñ‡∏ô‡∏≠‡∏∑‡πà‡∏ô‡∏™‡∏¥ ‡∏ä‡∏≠‡∏ö‡∏¢‡∏∏‡πà‡∏á‡∏à‡∏±‡∏á ‡∏û‡∏ß‡∏Å‡πÑ‡∏°‡πà‡πÑ‡∏î‡πâ‡∏ä‡πà‡∏ß‡∏¢‡∏à‡πà‡∏≤‡∏¢‡∏Ñ‡πà‡∏≤‡πÄ‡∏ó‡∏≠‡∏°‡∏™‡∏±‡∏Å‡∏ö‡∏≤‡∏ó‡πÄ‡∏ô‡∏µ‡πà‡∏¢	neg
